<items>
       <item>
        <title>[COLORnavajowhite]S01 E01 The Bone Orchard [/COLOR]</title>
        <link>https://streamango.com/f/rocadkekrolasomo/American_Gods_S01E01_720p-_5BDownloado_site_5D_mkv_mp4</link>
        <thumbnail>https://images-na.ssl-images-amazon.com/images/M/MV5BY2ViNGI1ZGUtYmUyNS00ZWU0LWExOTQtMDMwZjQ2ZWJhNmRhXkEyXkFqcGdeQXVyNjYxMDUzODc@._V1_UX182_CR0,0,182,268_AL_.jpg</thumbnail>
        </item>
		
       <item>
        <title>[COLORnavajowhite]S01 E02 The Secret of Spoons [/COLOR]</title>
        <link>https://streamango.com/f/arpbttatlcbbaokb/American_Gods_S01E02_720p_WEBrip-_5BDownloado_site_5D_mkv_mp4</link>
        <thumbnail>https://images-na.ssl-images-amazon.com/images/M/MV5BY2ViNGI1ZGUtYmUyNS00ZWU0LWExOTQtMDMwZjQ2ZWJhNmRhXkEyXkFqcGdeQXVyNjYxMDUzODc@._V1_UX182_CR0,0,182,268_AL_.jpg</thumbnail>
        </item>	
		
       <item>
        <title>[COLORnavajowhite]S01 E03 Head Full of Snow [/COLOR]</title>
        <link>https://streamango.com/f/troofmdmmnbsrokl/American_Gods_S01E03_720p-_5BDownloado_site_5D_mkv_mp4</link>
        <thumbnail>https://images-na.ssl-images-amazon.com/images/M/MV5BY2ViNGI1ZGUtYmUyNS00ZWU0LWExOTQtMDMwZjQ2ZWJhNmRhXkEyXkFqcGdeQXVyNjYxMDUzODc@._V1_UX182_CR0,0,182,268_AL_.jpg</thumbnail>
        </item>
		
       <item>
        <title>[COLORnavajowhite]S01 E04 Git Gone [/COLOR]</title>
        <link>https://streamango.com/f/fkeqnrfeblcnbram/American_Gods_S01E04_720p_WEBRip-_5BDownloado_site_5D_mkv_mp4</link>
        <thumbnail>https://images-na.ssl-images-amazon.com/images/M/MV5BY2ViNGI1ZGUtYmUyNS00ZWU0LWExOTQtMDMwZjQ2ZWJhNmRhXkEyXkFqcGdeQXVyNjYxMDUzODc@._V1_UX182_CR0,0,182,268_AL_.jpg</thumbnail>
        </item>	

		<item>
        <title>[COLORcyan]---------Tahquitz@HWWTN--------- [/COLOR]</title>
        <link></link>
        <thumbnail>https://images-na.ssl-images-amazon.com/images/M/MV5BY2ViNGI1ZGUtYmUyNS00ZWU0LWExOTQtMDMwZjQ2ZWJhNmRhXkEyXkFqcGdeQXVyNjYxMDUzODc@._V1_UX182_CR0,0,182,268_AL_.jpg</thumbnail>
        </item>	
		
       <item>
        <title>[COLORnavajowhite]S01 E05 Lemon Scented You [/COLOR]</title>
        <link>https://streamango.com/f/mbmolsalsdqmbkqt/American_Gods_S01E05_720p_WEBRip-_5BDownloado_site_5D_mkv_mp4</link>
        <thumbnail>https://images-na.ssl-images-amazon.com/images/M/MV5BY2ViNGI1ZGUtYmUyNS00ZWU0LWExOTQtMDMwZjQ2ZWJhNmRhXkEyXkFqcGdeQXVyNjYxMDUzODc@._V1_UX182_CR0,0,182,268_AL_.jpg</thumbnail>
        </item>
		
       <item>
        <title>[COLORnavajowhite]S01 E06 A Murder of Gods [/COLOR]</title>
        <link>https://streamango.com/f/pmpflmrcnkplreqb/American_Gods_S01E06_720p_WEBRip-_5BDownloado_site_5D_mkv_mp4</link>
        <thumbnail>https://images-na.ssl-images-amazon.com/images/M/MV5BY2ViNGI1ZGUtYmUyNS00ZWU0LWExOTQtMDMwZjQ2ZWJhNmRhXkEyXkFqcGdeQXVyNjYxMDUzODc@._V1_UX182_CR0,0,182,268_AL_.jpg</thumbnail>
        </item>	
		
       <item>
        <title>[COLORnavajowhite]S01 E07 A Prayer For Mad Sweeney [/COLOR]</title>
        <link>https://streamango.com/f/ntccdcoenqbssaoq/American_Gods_S01E07_720p-_5BDownloado_site_5D_mkv_mp4</link>
        <thumbnail>https://images-na.ssl-images-amazon.com/images/M/MV5BY2ViNGI1ZGUtYmUyNS00ZWU0LWExOTQtMDMwZjQ2ZWJhNmRhXkEyXkFqcGdeQXVyNjYxMDUzODc@._V1_UX182_CR0,0,182,268_AL_.jpg</thumbnail>
        </item>
		
       <item>
        <title>[COLORnavajowhite]S01 E08 Come To Jesus [/COLOR]</title>
        <link>https://streamango.com/f/ednmokcptnabdpcq/American_Gods_S01E08_720p_WEBRip-_5BDownloado_site_5D_mkv_mp4</link>
        <thumbnail>https://images-na.ssl-images-amazon.com/images/M/MV5BY2ViNGI1ZGUtYmUyNS00ZWU0LWExOTQtMDMwZjQ2ZWJhNmRhXkEyXkFqcGdeQXVyNjYxMDUzODc@._V1_UX182_CR0,0,182,268_AL_.jpg</thumbnail>
        </item>	
		
		
</items>
