<items>
       <item>
        <title>[COLORnavajowhite]S01 E01 The F...king Cop [/COLOR]</title>
        <link>https://streamango.com/f/ptmnkqamfdmkkafq/Blood_Drive_S01E01_720p_28LovMovie_Com_29_mkv_mp4</link>
        <thumbnail>https://images-na.ssl-images-amazon.com/images/M/MV5BY2E1NmRjNDctOGYwZC00MWU2LWI3MmYtNTRiOGY2OTgzM2JhXkEyXkFqcGdeQXVyNjEwNTM2Mzc@._V1_UX182_CR0,0,182,268_AL_.jp</thumbnail>
        </item>
		
       <item>
        <title>[COLORnavajowhite]S01 E02 Welcome To Pixie Swallow (2017)[/COLOR]</title>
        <link>https://streamango.com/f/qdaascmndmtctoao/Blood_Drive_S01E02_720p_28LovMovie_Com_29_mkv_mp4</link>
        <thumbnail>https://images-na.ssl-images-amazon.com/images/M/MV5BY2E1NmRjNDctOGYwZC00MWU2LWI3MmYtNTRiOGY2OTgzM2JhXkEyXkFqcGdeQXVyNjEwNTM2Mzc@._V1_UX182_CR0,0,182,268_AL_.jpg</thumbnail>
        </item>	
		
       <item>
        <title>[COLORnavajowhite]S01 E03 Steel City Nightfall [/COLOR]</title>
        <link>https://streamango.com/f/lsnpkbtosomoektb/Blood_Drive_S01E03_720p_28LovMovie_Com_29_mkv_mp4</link>
        <thumbnail>https://images-na.ssl-images-amazon.com/images/M/MV5BY2E1NmRjNDctOGYwZC00MWU2LWI3MmYtNTRiOGY2OTgzM2JhXkEyXkFqcGdeQXVyNjEwNTM2Mzc@._V1_UX182_CR0,0,182,268_AL_.jp</thumbnail>
        </item>
		
       <item>
        <title>[COLORnavajowhite]S01 E04 In The Crimson Halls of Kane Hill [/COLOR]</title>
        <link>https://streamango.com/f/nqqndmsnoqslrqko/Blood_Drive_S01E04_720p_28LovMovie_Com_29_mkv_mp4</link>
        <thumbnail>https://images-na.ssl-images-amazon.com/images/M/MV5BY2E1NmRjNDctOGYwZC00MWU2LWI3MmYtNTRiOGY2OTgzM2JhXkEyXkFqcGdeQXVyNjEwNTM2Mzc@._V1_UX182_CR0,0,182,268_AL_.jpg</thumbnail>
        </item>	
		
       <item>
        <title>[COLORnavajowhite]S01 E05 The F..king Dead[/COLOR]</title>
        <link>https://streamango.com/f/cdnpbalnlkrqbdma/Blood_Drive_S01E05_720p_28LovMovie_Com_29_mkv_mp4</link>
        <thumbnail>https://images-na.ssl-images-amazon.com/images/M/MV5BY2E1NmRjNDctOGYwZC00MWU2LWI3MmYtNTRiOGY2OTgzM2JhXkEyXkFqcGdeQXVyNjEwNTM2Mzc@._V1_UX182_CR0,0,182,268_AL_.jp</thumbnail>
        </item>
		
       <item>
        <title>[COLORnavajowhite]S01 E06 Booby Traps [/COLOR]</title>
        <link>https://streamango.com/f/ldormmetkfokebof/Blood_Drive_S01E06_720p_28LovMovie_Com_29_mkv_mp4</link>
        <thumbnail>https://images-na.ssl-images-amazon.com/images/M/MV5BY2E1NmRjNDctOGYwZC00MWU2LWI3MmYtNTRiOGY2OTgzM2JhXkEyXkFqcGdeQXVyNjEwNTM2Mzc@._V1_UX182_CR0,0,182,268_AL_.jpg</thumbnail>
        </item>

		<item>
        <title>[COLORcyan]---------Tahquitz@HWWTN--------- [/COLOR]</title>
        <link></link>
        <thumbnail>https://images-na.ssl-images-amazon.com/images/M/MV5BY2E1NmRjNDctOGYwZC00MWU2LWI3MmYtNTRiOGY2OTgzM2JhXkEyXkFqcGdeQXVyNjEwNTM2Mzc@._V1_UX182_CR0,0,182,268_AL_.jpg</thumbnail>
        </item>		
		
       <item>
        <title>[COLORnavajowhite]S01 E07 The Gentleman's Agreement [/COLOR]</title>
        <link>https://streamango.com/f/laafqbrmsnbfemlb/Blood_Drive_S01E07_720p_28LovMovie_Com_29_mkv_mp4</link>
        <thumbnail>https://images-na.ssl-images-amazon.com/images/M/MV5BY2E1NmRjNDctOGYwZC00MWU2LWI3MmYtNTRiOGY2OTgzM2JhXkEyXkFqcGdeQXVyNjEwNTM2Mzc@._V1_UX182_CR0,0,182,268_AL_.jpg</thumbnail>
        </item>
		
       <item>
        <title>[COLORnavajowhite]S01 E08 A Fistful of Blood [/COLOR]</title>
        <link>https://streamango.com/f/fqocnpmkbroarbdt/Blood_Drive_S01E08_720p_28LovMovie_Com_29_mkv_mp4</link>
        <thumbnail>https://images-na.ssl-images-amazon.com/images/M/MV5BY2E1NmRjNDctOGYwZC00MWU2LWI3MmYtNTRiOGY2OTgzM2JhXkEyXkFqcGdeQXVyNjEwNTM2Mzc@._V1_UX182_CR0,0,182,268_AL_.jpg</thumbnail>
        </item>	
		
       <item>
        <title>[COLORnavajowhite]S01 E09 The Chopsocky Special [/COLOR]</title>
        <link>https://streamango.com/f/nbabsmddkaekeqno/Blood_Drive_S01E09_720p_28LovMovie_Com_29_mkv_mp4</link>
        <thumbnail></thumbnail>
        </item>	
		
       <item>
        <title>[COLORnavajowhite]S01 E10 Scar Tissue [/COLOR]</title>
        <link>https://streamango.com/f/fqdbppadksrbkctr/Blood_Drive_S01E10_720p_28LovMovie_Com_29_mkv_mp4</link>
        <thumbnail>https://images-na.ssl-images-amazon.com/images/M/MV5BY2E1NmRjNDctOGYwZC00MWU2LWI3MmYtNTRiOGY2OTgzM2JhXkEyXkFqcGdeQXVyNjEwNTM2Mzc@._V1_UX182_CR0,0,182,268_AL_.jp</thumbnail>
        </item>
		
       <item>
        <title>[COLORnavajowhite]S01 E11 Rise of The Primo [/COLOR]</title>
        <link>https://streamango.com/f/prrkttfnnmtpmomq/Blood_Drive_S01E11_720p_28LovMovie_Com_29_mkv_mp4</link>
        <thumbnail></thumbnail>
        </item>	
		
       <item>
        <title>[COLORnavajowhite]S01 E12 Faces of Blood Drive [/COLOR]</title>
        <link>https://streamango.com/f/cartddqdbrrlmsto/Blood_Drive_S01E12_720p_28LovMovie_Com_29_mkv_mp4</link>
        <thumbnail>https://images-na.ssl-images-amazon.com/images/M/MV5BY2E1NmRjNDctOGYwZC00MWU2LWI3MmYtNTRiOGY2OTgzM2JhXkEyXkFqcGdeQXVyNjEwNTM2Mzc@._V1_UX182_CR0,0,182,268_AL_.jp</thumbnail>
        </item>
		
       <item>
        <title>[COLORnavajowhite]S01 E13 Finish Line [/COLOR]</title>
        <link>https://streamango.com/f/tlnafrdekcncfqmd/Blood_Drive_S01E13_720p_28LovMovie_Com_29_mkv_mp4</link>
        <thumbnail></thumbnail>
        </item>				
				
		
</items>
