<items>
        <item>
        <title>[COLORred]The Girl Next Door (2007)[/COLOR]</title>
        <link>https://streamango.com/f/nttbrokkstsrbbdf/The_Girl_Next_Door_2007_720p_mp4</link>
        <thumbnail>https://images-na.ssl-images-amazon.com/images/M/MV5BMTUwMDcyNjE1MF5BMl5BanBnXkFtZTcwOTA1Njg0MQ@@._V1_UY268_CR13,0,182,268_AL_.jpg</thumbnail>
        </item>

        <item>
        <title>[COLORred]Tusk (2014)[/COLOR]</title>
        <link>https://streamango.com/f/norstpfabtpeepnn/Tusk_2014_HDRip_XViD-juggs_ETRG_avi_mp4</link>
        <thumbnail>https://images-na.ssl-images-amazon.com/images/M/MV5BNmQyMmUzMmYtMTA4OS00ZmRjLWE0NWYtNjc0ZGM0N2E4YzQ5XkEyXkFqcGdeQXVyMTQxNzMzNDI@._V1_UX182_CR0,0,182,268_AL_.jpg</thumbnail>
        </item>

        <item>
        <title>[COLORred]Gone Girl (2014)[/COLOR]</title>
        <link>https://streamango.com/f/rbkmakbtoqfqlfqa/Gone_Girl_2014_720p_BluRay_x264_YIFY_mp4</link>
        <thumbnail>https://images-na.ssl-images-amazon.com/images/M/MV5BYjgwY2E1N2QtNDJkMi00YzE4LThiYTItYWI5YmE4NWMzMGFhXkEyXkFqcGdeQXVyMjU3OTA4NzQ@._V1_UX182_CR0,0,182,268_AL_.jpg</thumbnail>
        </item>

        <item>
        <title>[COLORred]Womb (2010)[/COLOR]</title>
        <link>https://streamango.com/f/qprlcepntnsdscls/Womb_2010_720p_BrRip_x264_YIFY_mp4</link>
        <thumbnail>https://images-na.ssl-images-amazon.com/images/M/MV5BMjE5ODcwOTQ5Nl5BMl5BanBnXkFtZTcwNzk5ODk0Nw@@._V1_UX182_CR0,0,182,268_AL_.jpg</thumbnail>
        </item>

        <item>
        <title>[COLORred]Good Night Mommy (2014)[/COLOR]</title>
        <link>https://streamango.com/f/bbmdeeqnedcsffdl/Goodnight_Mommy_2014_720p_BRRip_x264_German_AAC-ETRG_mp4</link>
        <thumbnail>https://images-na.ssl-images-amazon.com/images/M/MV5BMjAyMDU2NjU4OF5BMl5BanBnXkFtZTgwNDg5ODc0NjE@._V1_UX182_CR0,0,182,268_AL_.jpg</thumbnail>
        </item>

        <item>
        <title>[COLORred]The Witch (2015)[/COLOR]</title>
        <link>https://streamango.com/f/dnmpocecofebcass/The_Witch_2015_BRRip_XViD-ETRG_avi</link>
        <thumbnail>https://images-na.ssl-images-amazon.com/images/M/MV5BMTUyNzkwMzAxOF5BMl5BanBnXkFtZTgwMzc1OTk1NjE@._V1_UX182_CR0,0,182,268_AL_.jpg</thumbnail>
        </item>

        <item>
        <title>[COLORred]Hard Candy(2005)[/COLOR]</title>
        <link>https://streamango.com/f/cpfaqksnnbforlsm/Hard_Candy_2005_BluRay_720p_x264_YIFY_MKV</link>
        <thumbnail>https://images-na.ssl-images-amazon.com/images/M/MV5BMTc0MzgzNTI3N15BMl5BanBnXkFtZTcwNDk3MDIzMQ@@._V1_UX182_CR0,0,182,268_AL_.jpg</thumbnail>
        </item>

        <item>
        <title>[COLORred]Eden Lake (2008)[/COLOR]</title>
        <link>https://streamango.com/f/leabmnbrstsprlmm/Eden_Lake_2008_720p_BluRay_x264-x0r_mkv_mp4</link>
        <thumbnail>https://images-na.ssl-images-amazon.com/images/M/MV5BMTYwMzE0OTQzN15BMl5BanBnXkFtZTcwOTY5MDIwMg@@._V1_UY268_CR0,0,182,268_AL_.jpg</thumbnail>
        </item>

        <item>
        <title>[COLORred]Martyrs (2008)[/COLOR]</title>
        <link>https://streamango.com/f/pftromnsqcbltcpq/Martyrs_2008_DVDRIP_XviD-ZEKTORM_avi</link>
        <thumbnail>https://images-na.ssl-images-amazon.com/images/M/MV5BYTY0NTZlZjYtNWRmZi00MGRjLTk4ZDctMjE4NjBiZTUyNGNhXkEyXkFqcGdeQXVyMTQxNzMzNDI@._V1_UY268_CR1,0,182,268_AL_.jpg</thumbnail>
        </item>

        <item>
        <title>[COLORred]Jesus Camp (2006)[/COLOR]</title>
        <link>https://streamango.com/f/rdfletnprkdpodpl/Jesus_Camp_2006_avi_mp4</link>
        <thumbnail>https://images-na.ssl-images-amazon.com/images/M/MV5BMzEyZjJlMTQtNWVhZC00NTI3LTk2MmYtYmNjY2JjMDEwNGY3XkEyXkFqcGdeQXVyMTQxNzMzNDI@._V1_UX182_CR0,0,182,268_AL_.jpg</thumbnail>
        </item>

        <item>
        <title>[COLORred]Bone Tomahawk (2014)[/COLOR]</title>
        <link>https://streamango.com/f/dabfomceqkbcpsee/Bone_Tomahawk_2015_HDRip_XViD-ETRG_avi_mp4</link>
        <thumbnail>https://images-na.ssl-images-amazon.com/images/M/MV5BMzQ0MzE4OTUzMF5BMl5BanBnXkFtZTgwODAyNzI3NjE@._V1_UX182_CR0,0,182,268_AL_.jpg</thumbnail>
        </item>

        <item>
        <title>[COLORred]Dogtooth (2009)[/COLOR]</title>
        <link>https://streamango.com/f/dtompbsbspdablet/Dogtooth_avi_mp4</link>
        <thumbnail>https://images-na.ssl-images-amazon.com/images/M/MV5BMjIyOTkyMDE5N15BMl5BanBnXkFtZTcwNjIwNzQwMw@@._V1_UY268_CR4,0,182,268_AL_.jpg</thumbnail>
        </item>

        <item>
        <title>[COLORred]The East (2013)[/COLOR]</title>
        <link>https://streamango.com/f/mdoeemlslbbnkqtr/The_East_2013_720p_BluRay_x264_YIFY_mp4</link>
        <thumbnail>https://images-na.ssl-images-amazon.com/images/M/MV5BMjEyNjQzMzg5Nl5BMl5BanBnXkFtZTcwMjExNzU1OQ@@._V1_UX182_CR0,0,182,268_AL_.jpg</thumbnail>
        </item>

        <item>
        <title>[COLORred]We Need To Talk About Kevin(2011)[/COLOR]</title>
        <link>https://streamango.com/f/tkkaoselpenqpftt/We_Need_to_Talk_About_Kevin_2011_720p_BrRip_x264_YIFY_mp4</link>
        <thumbnail>https://images-na.ssl-images-amazon.com/images/M/MV5BMjE0NDE0MjYxNF5BMl5BanBnXkFtZTcwNjM2NTY5Ng@@._V1_UY268_CR0,0,182,268_AL_.jpg</thumbnail>
        </item>
		
		<item>
        <title>[COLORcyan]---------Tahquitz@HWWTN--------- [/COLOR]</title>
        <link></link>
        <thumbnail></thumbnail>
        </item>			

        <item>
        <title>[COLORred]The Skin I Live In (2007)[/COLOR]</title>
        <link>https://streamango.com/f/btoacrblkocqknqc/The_Skin_I_Live_In_2011_720p_Bluray_x264_anoXmous_mp4</link>
        <thumbnail>https://images-na.ssl-images-amazon.com/images/M/MV5BMjMwOTYyNDY4NV5BMl5BanBnXkFtZTcwNDI1ODk0Ng@@._V1_UX182_CR0,0,182,268_AL_.jpg</thumbnail>
        </item>

        <item>
        <title>[COLORred]13 Sins (2014)[/COLOR]</title>
        <link>https://streamango.com/f/qbtlpsonebqflmle/13_Sins_2014_720p_BluRay_x264_YIFY_mp4</link>
        <thumbnail>https://images-na.ssl-images-amazon.com/images/M/MV5BNzA0NDIwNjI3OF5BMl5BanBnXkFtZTgwMDMzNzE0MTE@._V1_UX182_CR0,0,182,268_AL_.jpg</thumbnail>
        </item>

        <item>
        <title>[COLORred]Found (2012)[/COLOR]</title>
        <link>https://streamango.com/f/lqsrobnaefmorfmn/Found_2012_720p_BluRay_x264_YIFY_mp4</link>
        <thumbnail>https://images-na.ssl-images-amazon.com/images/M/MV5BMTQ3OTc3MDI1MF5BMl5BanBnXkFtZTgwNTk2NzkzMjE@._V1_UX182_CR0,0,182,268_AL_.jpg</thumbnail>
        </item>

        <item>
        <title>[COLORred]Rec 2 (2009)[/COLOR]</title>
        <link>https://streamango.com/f/qpqbseattpbdrrfm/Rec_2_2009_SPANiSH_DVDRiP_XViD-XPERT_avi</link>
        <thumbnail>https://images-na.ssl-images-amazon.com/images/M/MV5BMTI4MjQ1MDE1MV5BMl5BanBnXkFtZTcwNzIxMDk0Mw@@._V1_UY268_CR0,0,182,268_AL_.jpg</thumbnail>
        </item>

        <item>
        <title>[COLORred]The Returned (2013)[/COLOR]</title>
        <link>https://streamango.com/f/cdpmmcsqcmdcklro/The_Returned_2013_720p_BluRay_x264_YIFY_mp4</link>
        <thumbnail>https://images-na.ssl-images-amazon.com/images/M/MV5BMTUwMTg0MzMwNl5BMl5BanBnXkFtZTgwODc2MzI2MDE@._V1_UX182_CR0,0,182,268_AL_.jpg</thumbnail>
        </item>

        <item>
        <title>[COLORred]The Woman (2011)[/COLOR]</title>
        <link>https://streamango.com/f/nsobfpnfalfmqnnf/The_Woman_2011_xBrRip_x264_YIFY_mp4</link>
        <thumbnail>https://images-na.ssl-images-amazon.com/images/M/MV5BMmM3ZmFmNDctMDEwZS00ODhlLWE0OWQtZTljMGNiZjg2ZTFiXkEyXkFqcGdeQXVyMTQxNzMzNDI@._V1_UY268_CR3,0,182,268_AL_.jpg</thumbnail>
        </item>

        <item>
        <title>[COLORred]We Are What We Are (2013)[/COLOR]</title>
        <link>https://streamango.com/f/plrmmfmbpqnpakdt/We_Are_What_We_Are_2013_BRRip_XViD-ETRG_avi</link>
        <thumbnail>https://images-na.ssl-images-amazon.com/images/M/MV5BMjI3NjI3NjAyN15BMl5BanBnXkFtZTgwODE3NzMxMDE@._V1_UX182_CR0,0,182,268_AL_.jpg</thumbnail>
        </item>

        <item>
        <title>[COLORred]Night Crawler (2014)[/COLOR]</title>
        <link>https://streamango.com/f/kdannefaptonscmp/Nightcrawler_202014_20-_20720p_20_28vaiomusic_29_mkv_mp4</link>
        <thumbnail>https://images-na.ssl-images-amazon.com/images/M/MV5BN2U1YzdhYWMtZWUzMi00OWI1LWFkM2ItNWVjM2YxMGQ2MmNhXkEyXkFqcGdeQXVyNjU0OTQ0OTY@._V1_UY268_CR2,0,182,268_AL_.jpg</thumbnail>
        </item>

        <item>
        <title>[COLORred]Anna (2013)[/COLOR]</title>
        <link>https://streamango.com/f/tcsofbdtdebfprpo/Anna_2013_1080p_BluRay_x264_YIFY_mp4</link>
        <thumbnail>https://images-na.ssl-images-amazon.com/images/M/MV5BMjAwNDQwNjUxNV5BMl5BanBnXkFtZTgwODgzMjk2MTE@._V1_UX182_CR0,0,182,268_AL_.jpg</thumbnail>
        </item>

        <item>
        <title>[COLORred]Dorothy Mills (2012)[/COLOR]</title>
        <link>https://streamango.com/f/pmrfnprpdkldntpe/vmt-dmills-xvid_avi</link>
        <thumbnail>https://images-na.ssl-images-amazon.com/images/M/MV5BMTUwMzQzMDgzOF5BMl5BanBnXkFtZTcwMTkwMDQyMw@@._V1_UY268_CR4,0,182,268_AL_.jpg</thumbnail>
        </item>

        <item>
        <title>[COLORred]The Loved Ones (2009)[/COLOR]</title>
        <link>https://streamango.com/f/fsbcspdpfqmbepro/UsaBit_com_avcdvd-the_loved_ones_2009_bdrip_xvid_avi</link>
        <thumbnail>https://images-na.ssl-images-amazon.com/images/M/MV5BMjEzNDQ0MzM0N15BMl5BanBnXkFtZTcwMzA1NDM1Nw@@._V1_UX182_CR0,0,182,268_AL_.jpg</thumbnail>
        </item>

        <item>
        <title>[COLORred]The Quiet Ones (2014)[/COLOR]</title>
        <link>https://streamango.com/f/mpfddrdrakdacceo/The_Quiet_Ones_2014_720p_BluRay_x264_YIFY_mp4</link>
        <thumbnail>https://images-na.ssl-images-amazon.com/images/M/MV5BMzM5OTQxNTQwNV5BMl5BanBnXkFtZTgwNjE4NzMxMTE@._V1_UX182_CR0,0,182,268_AL_.jpg</thumbnail>
        </item>

        <item>
        <title>[COLORred]The Babadook (2014)[/COLOR]</title>
        <link>https://streamango.com/f/pdsbaknmlaoncpcc/The_Babadook_2014_720p_BluRay_x264_YIFY_mp4</link>
        <thumbnail>https://images-na.ssl-images-amazon.com/images/M/MV5BMTk0NzMzODc2NF5BMl5BanBnXkFtZTgwOTYzNTM1MzE@._V1_UX182_CR0,0,182,268_AL_.jpg</thumbnail>
        </item>

        <item>
        <title>[COLORred]Housebound (2014)[/COLOR]</title>
        <link>https://streamango.com/f/qqrelfkbpobsmkbo/Housebound_2014_720p_BluRay_x264_YIFY_mp4</link>
        <thumbnail>https://images-na.ssl-images-amazon.com/images/M/MV5BMTUxNTA5NTAzM15BMl5BanBnXkFtZTgwODE2NDkyMjE@._V1_UX182_CR0,0,182,268_AL_.jpg</thumbnail>
        </item>

        <item>
        <title>[COLORred]Exam (2009)[/COLOR]</title>
        <link>https://streamango.com/f/oplnqfqdlslnpbta/Exam_2009_720p_BluRay_x264_YIFY_mp4</link>
        <thumbnail>https://images-na.ssl-images-amazon.com/images/M/MV5BNDg2NzM2NzIwNF5BMl5BanBnXkFtZTcwODE2ODc1Mg@@._V1_UX182_CR0,0,182,268_AL_.jpg</thumbnail>
        </item>

        <item>
        <title>[COLORred]Grave Encounters (2011)[/COLOR]</title>
        <link>https://streamango.com/f/ncqorkoapllrbeeb/Grave_Encounters_2011_720p_BRrip_x264_YIFY_mp4</link>
        <thumbnail>https://images-na.ssl-images-amazon.com/images/M/MV5BMjQ0NjQxOTM5N15BMl5BanBnXkFtZTcwNzUwMzMwNg@@._V1_UX182_CR0,0,182,268_AL_.jpg</thumbnail>
        </item>

        <item>
        <title>[COLORred]No One Lives (2012)[/COLOR]</title>
        <link>https://streamango.com/f/tenftlpolslqfdbb/No_One_Lives_2012_BRRip_XviD-ViP3R_avi</link>
        <thumbnail>https://images-na.ssl-images-amazon.com/images/M/MV5BMjMzMzI0OTgwM15BMl5BanBnXkFtZTgwMzU5ODQxMDE@._V1_UY268_CR3,0,182,268_AL_.jpg</thumbnail>
        </item>

        <item>
        <title>[COLORred]The Canal (2014)[/COLOR]</title>
        <link>https://streamango.com/f/ebopbcopbeaknfpo/The_Canal_2014_1080p_BluRay_x264_YIFY_mp4</link>
        <thumbnail>https://images-na.ssl-images-amazon.com/images/M/MV5BMTg2MTQ0MDIxNV5BMl5BanBnXkFtZTgwODM5NTg2NTE@._V1_UY268_CR4,0,182,268_AL_.jpg</thumbnail>
        </item>

        <item>
        <title>[COLORred]The Loft (2014)[/COLOR]</title>
        <link>https://streamango.com/f/trbeablftndbnfnc/The_Loft_2014_720p_BluRay_x264_YIFY_mp4</link>
        <thumbnail>https://images-na.ssl-images-amazon.com/images/M/MV5BMjAyNTM4ODM5NV5BMl5BanBnXkFtZTgwNTA4NDE3MzE@._V1_UX182_CR0,0,182,268_AL_.jpg</thumbnail>
        </item>

        <item>
        <title>[COLORred]Time Lapse (2014)[/COLOR]</title>
        <link>https://streamango.com/f/pqfradalrqbakaea/Time_Lapse_2014_720p_BluRay_x264_YIFY_mp4</link>
        <thumbnail>https://images-na.ssl-images-amazon.com/images/M/MV5BNzM2MDc3NTA3N15BMl5BanBnXkFtZTgwNzA5OTMyNTE@._V1_UX182_CR0,0,182,268_AL_.jpg</thumbnail>
        </item>
        
</items>