<items> 
	   <item>
        <title>[COLORgoldenrod]Loving Vincent (2017)[/COLOR]</title>
		<link>https://streamango.com/f/obrmpdacfndsllkq/Loving_Vincent_2017_720p_HDRip_x264_AAC_-_Hon3y_mkv</link>
        <thumbnail>https://images-na.ssl-images-amazon.com/images/M/MV5BMTU3NjE2NjgwN15BMl5BanBnXkFtZTgwNDYzMzEwMzI@._V1_UY268_CR0,0,182,268_AL_.jpg</thumbnail>
       </item>

	   <item>
        <title>[COLORgoldenrod]The Humanity Bureau (2017)[/COLOR]</title>
		<link>https://streamango.com/f/sbmmdmacrtmabcba/The_Humanity_Bureau_2017_720p_HDRip_x264_AAC_-_Hon3y_mkv_mp4</link>
        <thumbnail>https://images-na.ssl-images-amazon.com/images/M/MV5BNGQ2ZTk2MTctYWQ5Yi00YWI4LTkzOGQtMDlmODA1ODQyZTk0XkEyXkFqcGdeQXVyNzIyODcxNjE@._V1_UY268_CR14,0,182,268_AL_.jpg</thumbnail>
       </item>

	   <item>
        <title>[COLORgoldenrod]Tulip Fever (2017)[/COLOR]</title>
		<link>https://streamango.com/f/tbprqdrfclsptdbs/Tulip_Fever_2017_720p_HDRip_x264_AAC_-_Hon3y_mkv_mp4</link>
        <thumbnail>https://images-na.ssl-images-amazon.com/images/M/MV5BZDY3MTAyNmEtZDY1Yi00NGY5LTg1ZDctNDQ2N2FlMmRlYWU0XkEyXkFqcGdeQXVyNTQzOTc3MTI@._V1_UY268_CR0,0,182,268_AL_.jpg</thumbnail>
       </item>

	   <item>
        <title>[COLORgoldenrod]Edge of Winter (2016)[/COLOR]</title>
		<link>https://streamango.com/f/kdrnnbftlkakdbpq/Edge_of_Winter_2016_AMZN_720p_HDRip_x264_AAC_-_Hon3y_mkv_mp4</link>
        <thumbnail>https://images-na.ssl-images-amazon.com/images/M/MV5BMTgzOTg5NDE5MF5BMl5BanBnXkFtZTgwOTM5MTA1OTE@._V1_UX182_CR0,0,182,268_AL_.jpg</thumbnail>
       </item>


	   <item>
        <title>[COLORgoldenrod]New Life (2016)[/COLOR]</title>
		<link>https://streamango.com/f/ctbddmsecdsodbaq/New_Life_2016_720p_BRRip_650_MB_-_iExTV_mp4</link>
        <thumbnail>https://images-na.ssl-images-amazon.com/images/M/MV5BMTIzYmNkOGUtZDVmOS00MjgyLThjMzktODBjNzg0MmZiNDA4XkEyXkFqcGdeQXVyNDI1MTIwNw@@._V1_UY268_CR3,0,182,268_AL_.jpg</thumbnail>
       </item>

	   <item>
        <title>[COLORgoldenrod]Alien Convergence (2017)[/COLOR]</title>
		<link>https://streamango.com/f/asdafbrlremflbrd/gua-alienconvergence-sd_mkv_mp4</link>
        <thumbnail>https://images-na.ssl-images-amazon.com/images/M/MV5BNWRiZDdkODUtZjlmMC00YzMxLTliMGEtYTY1NTEzYzg4ZWViXkEyXkFqcGdeQXVyNTM3MDMyMDQ@._V1_UY268_CR9,0,182,268_AL_.jpg</thumbnail>
       </item>

	   <item>
        <title>[COLORgoldenrod]Blade of The Immortals - English Subtitles (2017)[/COLOR]</title>
		<link>https://streamango.com/f/bporaeoleedmeapl/Bl_of_the_Immortal_2017_HDRip_XviD_AC3-EVO_avi_mp4</link>
        <thumbnail>https://images-na.ssl-images-amazon.com/images/M/MV5BYzIwYmJlMjktMzJiMy00YmQzLThmNWYtNWY3NGViZjc4MzYwXkEyXkFqcGdeQXVyNDQxNjcxNQ@@._V1_UX182_CR0,0,182,268_AL_.jpg</thumbnail>
       </item>

	   <item>
        <title>[COLORgoldenrod]Mayhem (2017)[/COLOR]</title>
		<link>https://streamango.com/f/ppkqqeqfcfnotanl/Mayhem_2017_720p_HDRip_x264_AAC_-_Hon3y_mkv_mp4</link>
        <thumbnail>https://images-na.ssl-images-amazon.com/images/M/MV5BNTZjMjMadezZTQtNWQ5Yi00YjhiLTk4YjEtZGNhYTUyNmQzYWViXkEyXkFqcGdeQXVyMzQwMTY2Nzk@._V1_UX182_CR0,0,182,268_AL_.jpg</thumbnail>
       </item>

	   <item>
        <title>[COLORgoldenrod]Victoria and Abdul HC (2017)[/COLOR]</title>
		<link>https://streamango.com/f/olrbpctloodptdfd/Victoria_and_Abdul_2017_720p_HC_HDRip_x264_AAC_-_Hon3y_mkv_mp4</link>
        <thumbnail>https://images-na.ssl-images-amazon.com/images/M/MV5BMjA4NzY1NTQ1Nl5BMl5BanBnXkFtZTgwMTM3NTY0MjI@._V1_UX182_CR0,0,182,268_AL_.jpg</thumbnail>
       </item>

	   <item>
        <title>[COLORgoldenrod]Radius (2017)[/COLOR]</title>
		<link>https://streamango.com/f/larqblmsbkmbpqpl/Radius_2017_720p_HDRip_x264_AAC_-_Hon3y_mkv_mp4</link>
        <thumbnail>https://images-na.ssl-images-amazon.com/images/M/MV5BYmU3NDBhNzEtMmZiZi00ZTNiLWI4NjMtMjBiYzBkYTE5YjJiXkEyXkFqcGdeQXVyMTcwMjE4MTQ@._V1_UY268_CR2,0,182,268_AL_.jpg</thumbnail>
       </item>

	   <item>
        <title>[COLORgoldenrod]Bitch (2017)[/COLOR]</title>
		<link>https://streamango.com/f/bfpsmfdsrfodpfdn/Bitch_2017_720p_HDRip_x264_AAC_-_Hon3y_mkv_mp4</link>
        <thumbnail>https://images-na.ssl-images-amazon.com/images/M/MV5BNGMxZDA1MzAtMDcyZS00MzZkLThiYjktOTA2ZDllNTZkNGQ4XkEyXkFqcGdeQXVyMDU0NjA0Ng@@._V1_UY268_CR0,0,182,268_AL_.jpg</thumbnail>
       </item>

	   <item>
        <title>[COLORgoldenrod]The Hitman's Bodyguard (2017)[/COLOR]</title>
		<link>https://streamango.com/f/mnedqtlafbnkssbc/The_Hitmans_BodyGuard_2017_720p_BRRip_850_MB_-_iExTV_mp4</link>
        <thumbnail>https://image.tmdb.org/t/p/w185_and_h278_bestv2/5CGjlz2vyBhW5xHW4eNOZIdgzYq.jpg</thumbnail>
       </item>

	   <item>
        <title>[COLORgoldenrod]Family Games (2016)[/COLOR]</title>
		<link>https://streamango.com/f/erfacqnocdqqrlfq/Family_Games_2016_WEBRip_x264-RARBG_mp4</link>
        <thumbnail>https://image.tmdb.org/t/p/w185_and_h278_bestv2/kW9Cj0tJ1piunEOxehWEyN4X3aV.jpg</thumbnail>
       </item>

	   <item>
        <title>[COLORgoldenrod]Unfallen (2017)[/COLOR]</title>
		<link>https://streamango.com/f/akomonsqtafaookc/Unfallen_2017_720p_WEBRip_x264-iNTENSO_mkv_mp4</link>
        <thumbnail>https://images-na.ssl-images-amazon.com/images/M/MV5BNTc1MDBmNjktYzM3Yy00NmIxLWFkZTYtMjhkZTBlNDRjNjE0XkEyXkFqcGdeQXVyMzMwMjI2NA@@._V1_UY268_CR2,0,182,268_AL_.jpg</thumbnail>
       </item>

	   <item>
        <title>[COLORgoldenrod]Almosting It (2016)[/COLOR]</title>
		<link>https://streamango.com/f/mlpdnflcbprlflfp/almosting_it_2016_720p_webrip_x264-intenso_mkv_mp4</link>
        <thumbnail>https://images-na.ssl-images-amazon.com/images/M/MV5BMTc3MDU2NzEzN15BMl5BanBnXkFtZTgwMjU2ODE5NDE@._V1_UX182_CR0,0,182,268_AL_.jpg</thumbnail>
       </item>

	   <item>
        <title>[COLORgoldenrod]Like Share Follow (2017)[/COLOR]</title>
		<link>https://streamango.com/f/adoabdslrpdmqbbp/Like_Share_Follow_2017_HDRip_XViD-juggs_avi_mp4</link>
        <thumbnail>https://images-na.ssl-images-amazon.com/images/M/MV5BNzYzYjgxMzAtOTMzYy00NDkyLWFlN2EtYzU1ZTFiZjlkMTY5XkEyXkFqcGdeQXVyNTEzNDk3NDc@._V1_UX182_CR0,0,182,268_AL_.jpg</thumbnail>
       </item>
    
	   <item>
        <title>[COLORgoldenrod]Champion (2017)[/COLOR]</title>
		<link>https://streamango.com/f/ocbfpmmfoaertakd/champion_limited_2017_dvdrip_x264-lpd_mkv_mp4</link>
        <thumbnail>https://images-na.ssl-images-amazon.com/images/M/MV5BYzcxODk5NDQtYzg3NC00NGVmLWFiZjAtOWViNjRkZjU1MTY2XkEyXkFqcGdeQXVyNTU3MjcyMzM@._V1_UX182_CR0,0,182,268_AL_.jpg</thumbnail>
       </item>
    
	   <item>
        <title>[COLORgoldenrod]Beach Rats (2017)[/COLOR]</title>
		<link>https://streamango.com/f/ecpampbsacmnanbc/Beach_Rats_2017_BRRip_720p_x264_AAC_-_Hon3y_mkv_mp4</link>
        <thumbnail>https://images-na.ssl-images-amazon.com/images/M/MV5BZmZiM2RmMWUtNjcyZi00ZDcxLWE3ZjktY2VlYTk3Y2I0NTZjXkEyXkFqcGdeQXVyMjU3NTI0Mg@@._V1_UY268_CR1,0,182,268_AL_.jpg</thumbnail>
       </item>

       <item>
        <title>[COLORgoldenrod]Bad Actress (2017)[/COLOR]</title>
		<link>https://streamango.com/f/rapneeqcknblpodb/Bad_Actress_2017_HDRip_XViD-juggs_avi_mp4</link>
        <thumbnail>https://images-na.ssl-images-amazon.com/images/M/MV5BNDc2YzM2NDAtMmM5NC00NzVjLTkyNmQtMjA0NmMyNmYwZTM3XkEyXkFqcGdeQXVyNjg2NzY3MTI@._V1_UY268_CR15,0,182,268_AL_.jpg</thumbnail>
       </item>

       <item>
        <title>[COLORgoldenrod]Replace (2017)[/COLOR]</title>
		<link>https://streamango.com/f/acplqafbnqmemkak/Replace_2017_HDRip_XviD_AC3-EVO_avi_mp4</link>
        <thumbnail>https://images-na.ssl-images-amazon.com/images/M/MV5BMjQ1ODYxOTU4M15BMl5BanBnXkFtZTgwMzg2MzIxMTI@._V1_UY268_CR3,0,182,268_AL_.jpg</thumbnail>
       </item>

       <item>
        <title>[COLORgoldenrod]Marjorie Prime (2017)[/COLOR]</title>
		<link>https://streamango.com/f/clqecflcorcekaal/Marjorie_Prime_2017_720p_BRRip_900MB_MkvCage_mkv_mp4</link>
        <thumbnail>https://images-na.ssl-images-amazon.com/images/M/MV5BMzU2NDI1NTEwNF5BMl5BanBnXkFtZTgwMjEwNTIwMzI@._V1_UX182_CR0,0,182,268_AL_.jpg</thumbnail>
       </item>

       <item>
        <title>[COLORgoldenrod]The Elf (2017)[/COLOR]</title>
		<link>https://streamango.com/f/alfmfrfkpeposrqb/The_Elf_2017_HDRip_XviD_AC3-EVO_avi_mp4</link>
        <thumbnail>https://images-na.ssl-images-amazon.com/images/M/MV5BMjhmOGIzNjQtODU1YS00ODMxLWI4ZDktMGZkNmMxZThhMjY2XkEyXkFqcGdeQXVyMTM5ODAyMjc@._V1_UY268_CR4,0,182,268_AL_.jpg</thumbnail>
       </item>
		
		<item>
        <title>[COLORcyan]---------Tahquitz@HWWTN--------- [/COLOR]</title>
        <link></link>
        <thumbnail></thumbnail>
       </item>			

       <item>
        <title>[COLORgoldenrod]Rise Of The Footsoldier 3 (2017)[/COLOR]</title>
		<link>https://streamango.com/f/dslldmboksppcfbl/Rise_of_the_Footsoldier_3_2017_WEB-DL_x264-FGT_mp4</link>
        <thumbnail>https://images-na.ssl-images-amazon.com/images/M/MV5BNDc2NjU2MDktNGJkOS00MmY5LWE1MjUtMDE2YTI0ZGRkYjQ3L2ltYWdlL2ltYWdlXkEyXkFqcGdeQXVyNjQ3MDYyMDY@._V1_UY268_CR3,0,182,268_AL_.jpg</thumbnail>
       </item>

       <item>
        <title>[COLORgoldenrod]Barracuda (2017)[/COLOR]</title>
		<link>https://streamango.com/f/tmdmrqncosomconc/Barracuda_2017_HDRip_XviD_AC3-EVO_avi_mp4</link>
        <thumbnail>https://images-na.ssl-images-amazon.com/images/M/MV5BZjRiZTBkNDAtMTg4Ni00MWJkLTg1MTUtZjVlZDdjNzJiMGI2XkEyXkFqcGdeQXVyODQ4NDE4MQ@@._V1_UX182_CR0,0,182,268_AL_.jpg</thumbnail>
       </item>

       <item>
        <title>[COLORgoldenrod]The 60 Yard Line (2017)[/COLOR]</title>
		<link>https://streamango.com/f/bbdomklarsalobtk/The_60_Yard_Line_2017_HDRip_XviD_AC3-EVO_avi_mp4</link>
        <thumbnail>https://images-na.ssl-images-amazon.com/images/M/MV5BZjQ4YmU0ZDUtNzM1Ni00NGJhLWJjNWQtNDRkZTdhODExYWUyXkEyXkFqcGdeQXVyNDA4Mzk3Mg@@._V1_UX182_CR0,0,182,268_AL_.jpg</thumbnail>
       </item>

       <item>
        <title>[COLORgoldenrod]The Rendezvous (2016)[/COLOR]</title>
		<link>https://streamango.com/f/nqtasscplbcadbko/The_Rendezvous_2017_HDRip_XviD_AC3-EVO_avi_mp4</link>
        <thumbnail>https://images-na.ssl-images-amazon.com/images/M/MV5BMTU5NzA0NzgwN15BMl5BanBnXkFtZTgwMTA5NjU5ODE@._V1_UX182_CR0,0,182,268_AL_.jpg</thumbnail>
       </item>

       <item>
        <title>[COLORgoldenrod]Eight (2016)[/COLOR]</title>
		<link>https://streamango.com/f/dosobpppqrookcdm/Eight_2016_WEBRip_x264-iNTENSO_mkv_mp4</link>
        <thumbnail>https://images-na.ssl-images-amazon.com/images/M/MV5BMDI0ODA5MWMtYzdlZS00N2NiLWJmZGYtODMwZWFiY2FkYzkzXkEyXkFqcGdeQXVyMjIxNDA2NDg@._V1_UX182_CR0,0,182,268_AL_.jpg</thumbnail>
       </item>

       <item>
        <title>[COLORgoldenrod]Thumper (2017)[/COLOR]</title>
		<link>https://streamango.com/f/meedcotqrencqdsn/Thumper_2017_720p_HDRip_x264_AAC_-_Hon3y_mkv_mp4</link>
        <thumbnail>https://images-na.ssl-images-amazon.com/images/M/MV5BODg2YzU3MWYtM2YxOC00NzRkLTlmMDQtMDdhZWUyZDM1ZTA1XkEyXkFqcGdeQXVyMTM2MzgyOTU@._V1_UX182_CR0,0,182,268_AL_.jpg</thumbnail>
       </item>

       <item>
        <title>[COLORgoldenrod]November Criminals (2017)[/COLOR]</title>
		<link>https://streamango.com/f/qkdoecbrcapmnbll/November_Criminals_2017_720p_HDRip_x264_AAC_-_Hon3y_mkv</link>
        <thumbnail>https://images-na.ssl-images-amazon.com/images/M/MV5BMzQwMzQ0MjYzMV5BMl5BanBnXkFtZTgwOTIwMTEwNDI@._V1_UX182_CR0,0,182,268_AL_.jpg</thumbnail>
       </item>


       <item>
        <title>[COLORgoldenrod]Birth Of The Dragon (2016)[/COLOR]</title>
		<link>https://streamango.com/f/tqkqbfpakrkofnrc/Birth_of_the_Dragon_2017_720p_HDRip_x264_AAC_-_Hon3y_mkv</link>
        <thumbnail>https://images-na.ssl-images-amazon.com/images/M/MV5BMzk3OTQ4MjY0OF5BMl5BanBnXkFtZTgwNzQ2MTcwMzI@._V1_UX182_CR0,0,182,268_AL_.jpg</thumbnail>
       </item>

       <item>
        <title>[COLORgoldenrod]Trolls Holiday (2017)[/COLOR]</title>
		<link>https://streamango.com/f/epfeptelpdsbepno/Trolls_Holiday_2017_HDRip_XviD_AC3-EVO_avi_mp4</link>
        <thumbnail>https://images-na.ssl-images-amazon.com/images/M/MV5BM2Q4ZjA4YjctYjVlZi00YTg3LWEwOTQtZGY3MGMyYTgzOTkwXkEyXkFqcGdeQXVyNTM3MDMyMDQ@._V1_UY268_CR9,0,182,268_AL_.jpg</thumbnail>
       </item>

       <item>
        <title>[COLORgoldenrod]Disconnected (2017)[/COLOR]</title>
		<link>https://streamango.com/f/nbcrnscsebesmrcd/Disconnected_2017_Movies_720p_HDRip_x264_rDX_mkv_mp4</link>
        <thumbnail>https://images-na.ssl-images-amazon.com/images/M/MV5BOGI2NTNmYzUtMTZjMy00MzkwLWIxMjAtMTEyYWMzMjM1Nzc4XkEyXkFqcGdeQXVyNTM3MDMyMDQ@._V1_UY268_CR9,0,182,268_AL_.jpg</thumbnail>
       </item>

       <item>
        <title>[COLORgoldenrod]The Villainese (2017)[/COLOR]</title>
		<link>https://streamango.com/f/losmmlerqospfefs/The_Villainess_2017_720p_HDRip_950MB_MkvCage_mkv_mp4</link>
        <thumbnail>https://images-na.ssl-images-amazon.com/images/M/MV5BNzRiZjFkMjgtYjAxMy00NjNhLThlZmEtMDk1N2Q3MjFjMTBmXkEyXkFqcGdeQXVyMTMxODk2OTU@._V1_UX182_CR0,0,182,268_AL_.jpg</thumbnail>
       </item>

       <item>
        <title>[COLORgoldenrod]Base (2017)[/COLOR]</title>
		<link>https://streamango.com/f/dacnlnnbsftktaaa/18_Base_2017_UNCENSORED_Movies_HDRip_x264_rDX_mkv</link>
        <thumbnail>https://images-na.ssl-images-amazon.com/images/M/MV5BZmM2ZWYzZWItNWQxNi00YjY0LTkwMzUtMzFmOTg1N2U4MzI4XkEyXkFqcGdeQXVyMTcwMjIxNDg@._V1_UY268_CR9,0,182,268_AL_.jpg</thumbnail>
       </item>

       <item>
        <title>[COLORgoldenrod]Unspeakable (2017)[/COLOR]</title>
		<link>https://streamango.com/f/fqqmmdnaebnkqoon/unspeakable_2017_1080p_hdtv_hevc_x265_rmteam_mkv</link>
        <thumbnail>https://images-na.ssl-images-amazon.com/images/M/MV5BYWQ4NmI5YzUtYjUyYy00ZDk4LWJiMTMtMWI1ZjQzMGFjZjgyXkEyXkFqcGdeQXVyMzMzMzY1NDk@._V1_UY268_CR141,0,182,268_AL_.jpg</thumbnail>
       </item>

       <item>
        <title>[COLORgoldenrod]Bethany (2017)[/COLOR]</title>
		<link>https://streamango.com/f/nkmnmnpoqeoqeman/Bethany_2017_HDRip_DD2_0_x264-BDP_mkv_mp4</link>
        <thumbnail>https://images-na.ssl-images-amazon.com/images/M/MV5BYzFjMWQ3Y2ItNjk1NC00OWUyLWI0N2YtNDM1NzRkZmEwNWUxXkEyXkFqcGdeQXVyMjUxOTAxNzI@._V1_UY268_CR4,0,182,268_AL_.jpg</thumbnail>
       </item>

       <item>
        <title>[COLORgoldenrod]No Way To Live (2016)[/COLOR]</title>
		<link>https://streamango.com/f/emotemornsqkrbbs/No_Way_to_Live_2016_HDRip_XViD-juggs_avi_mp4</link>
        <thumbnail>https://images-na.ssl-images-amazon.com/images/M/MV5BMTUwNjI0MTA4Nl5BMl5BanBnXkFtZTgwNTU0MjMwNDE@._V1_UX182_CR0,0,182,268_AL_.jpg</thumbnail>
       </item>

       <item>
        <title>[COLORgoldenrod]Ryde (2016)[/COLOR]</title>
		<link>https://streamango.com/f/otlskdsbeclnkbtk/Ryde_2017_BDRip_XviD_AC3-EVO_avi_mp4</link>
        <thumbnail>https://images-na.ssl-images-amazon.com/images/M/MV5BNDhlMzc3YTctNjc1NC00MWFlLWEyOWItZGVjZmQ1NDg0YzBhXkEyXkFqcGdeQXVyMTY2NTQ3ODc@._V1_UX182_CR0,0,182,268_AL_.jpg</thumbnail>
       </item>

       <item>
        <title>[COLORgoldenrod]Mind Blown (2016)[/COLOR]</title>
		<link>https://streamango.com/f/fqaoekaebletdbol/Mind_Blown_2016_720p_WEBRip_600_MB_-_iExTV_mp4</link>
        <thumbnail>https://images-na.ssl-images-amazon.com/images/M/MV5BMzBhZmI1ZmQtYmY0OS00ZGM4LWI4YmItZmEzNTY2MTM2YjQ1L2ltYWdlL2ltYWdlXkEyXkFqcGdeQXVyMTk5ODE2NTQ@._V1_UY268_CR13,0,182,268_AL_.jpg</thumbnail>
       </item>
		
      <item>
        <title>[COLORgoldenrod]Knights of The Damned (2017)[/COLOR]</title>
        <link>https://streamango.com/f/saceqmcnpklpqnca/knights_of_the_damned_2017_dvdrip_x264-spooks_mkv_mp4</link>
        <thumbnail>https://images-na.ssl-images-amazon.com/images/M/MV5BMzJjODMwZDEtMjhhNC00MTMwLTg4MjAtNzExODY0NzgwNzFmL2ltYWdlL2ltYWdlXkEyXkFqcGdeQXVyNTE2MTUwNw@@._V1_UY268_CR20,0,182,268_AL_.jpg</thumbnail>
       </item>

       <item>
        <title>[COLORgoldenrod]Valerian And The City Of A Thousand Planets (2017)[/COLOR]</title>
		<link>http://uptobox.com/wl4sxctwzvto</link>
        <thumbnail>https://images-na.ssl-images-amazon.com/images/M/MV5BMTkxMDAxNDUyNV5BMl5BanBnXkFtZTgwOTc3MzcxMjI@._V1_UX182_CR0,0,182,268_AL_.jpg</thumbnail>
       </item>
		
      <item>
        <title>[COLORgoldenrod]Wind River (2017)[/COLOR]</title>
        <link>https://uptobox.com/offcfwqt0f03</link>
        <thumbnail>https://images-na.ssl-images-amazon.com/images/M/MV5BMTUyMjU1OTUwM15BMl5BanBnXkFtZTgwMDg1NDQ2MjI@._V1_UX182_CR0,0,182,268_AL_.jpg</thumbnail>
       </item>

       <item>
        <title>[COLORgoldenrod]The Nut Job 2 Nutty By Nature (2017)[/COLOR]</title>
        <link>https://uptobox.com/wn1rqvu9fpnu</link>
        <thumbnail>https://images-na.ssl-images-amazon.com/images/M/MV5BZTA5ZDZhMjgtNjNkOC00MzM0LWFlZmItZTM4MjJkMGEyZGQwXkEyXkFqcGdeQXVyMjM4NTM5NDY@._V1_UX182_CR0,0,182,268_AL_.jpg</thumbnail>
       </item>

      <item>
        <title>[COLORgoldenrod]Newness (2017)[/COLOR]</title>
        <link>https://streamango.com/f/dmlteknpqkelbedl/Newness_2017_720p_WEBRip_850_MB_-_iExTV_mp4</link>
        <thumbnail>https://images-na.ssl-images-amazon.com/images/M/MV5BMzExZTFiM2EtN2QyYS00YWZiLWFlOTMtZGYzMWI4MTNkZGYzXkEyXkFqcGdeQXVyNzk3NjQ1MTc@._V1_UX182_CR0,0,182,268_AL_.jpg</thumbnail>
       </item>

       <item>
        <title>[COLORgoldenrod]24 Hours To Live (2017)[/COLOR]</title>
        <link>https://streamango.com/f/rcornledckslsrpo/24_Hours_to_Live_2017_720p_WEB-DL_750MB_MkvCage_mkv_mp4</link>
        <thumbnail>https://images-na.ssl-images-amazon.com/images/M/MV5BMjAyNjY0MjU1NF5BMl5BanBnXkFtZTgwMjAwNDMwNDI@._V1_UX182_CR0,0,182,268_AL_.jpg</thumbnail>
       </item>

      <item>
        <title>[COLORgoldenrod]Love Of My Life (2017)[/COLOR]</title>
        <link>https://streamango.com/f/obqbtqpsbbkffrmp/Love_Of_My_Life_2017_Movies_BRRip_x264_AAC_rDX_mkv_mp4</link>
        <thumbnail>https://images-na.ssl-images-amazon.com/images/M/MV5BZDRhOGMyZmUtZDYzMi00OTY0LTkyNjQtYjk4ZDY4OGFiODNjL2ltYWdlXkEyXkFqcGdeQXVyMTcxMTgyMTE@._V1_UX182_CR0,0,182,268_AL_.jpg</thumbnail>
       </item>

       <item>
        <title>[COLORgoldenrod]Most Beautiful Island (2017)[/COLOR]</title>
        <link>https://streamango.com/f/kqnaooadfdrrtbbr/Most_Beautiful_Island_2017_720p_HDRip_x264_AAC_-_Hon3y_mkv_mp4</link>
        <thumbnail>https://images-na.ssl-images-amazon.com/images/M/MV5BY2FiYTk1MTEtYjgyMi00MjA5LWJkZjktMTNhZmVkMWI3NWRkXkEyXkFqcGdeQXVyMjE4NzUxNDA@._V1_UX182_CR0,0,182,268_AL_.jpg</thumbnail>
       </item>

       <item>
        <title>[COLORgoldenrod]KILD TV (2016)[/COLOR]</title>
        <link>https://streamango.com/f/rrsmtdldcmotplot/KILD_TV_2016_BRRip_XviD_AC3-EVO_avi_mp4</link>
        <thumbnail>https://images-na.ssl-images-amazon.com/images/M/MV5BOTcxNDQ2OTAwMV5BMl5BanBnXkFtZTgwMzM0MTg5NjE@._V1_UY268_CR12,0,182,268_AL_.jpg</thumbnail>
       </item>

       <item>
        <title>[COLORgoldenrod]Non-Transferable (2017)[/COLOR]</title>
        <link>https://streamango.com/f/elpoentrpemtctlt/non-transferable_2017_limited_dvdrip_x264-cadaver_mkv_mp4</link>
        <thumbnail>https://images-na.ssl-images-amazon.com/images/M/MV5BMWFkMzlkOWMtN2ZjOS00MGFhLWE0MjUtOGYwYjE1YThiNTQ2L2ltYWdlXkEyXkFqcGdeQXVyNDI0NzQ3NQ@@._V1_UX182_CR0,0,182,268_AL_.jpg</thumbnail>
       </item>

       <item>
        <title>[COLORgoldenrod]JL Ranch (2016)[/COLOR]</title>
        <link>https://streamango.com/f/dabrkkloekakrkos/Singularity_2017_720p_HDRip_x264_AAC_-_Hon3y_mkv_mp4</link>
        <thumbnail>https://images-na.ssl-images-amazon.com/images/M/MV5BZGU1MTJhMDgtYzQ4ZC00ZmU1LThkYzctZWEwMTNkYTk5YTUwXkEyXkFqcGdeQXVyNTM5NjQ5Mzg@._V1_UX182_CR0,0,182,268_AL_.jpg</thumbnail>
       </item>

       <item>
        <title>[COLORgoldenrod]Singularity (2017)[/COLOR]</title>
        <link>http://uptobox.com/h4f30imu5s8f</link>
        <thumbnail>https://images-na.ssl-images-amazon.com/images/M/MV5BOGFkNTQ1NGMtNGNhMC00Mjg4LTlhN2MtY2Q4YTYyNjhjZGI2XkEyXkFqcGdeQXVyNDQ4MDcyNzI@._V1_UX182_CR0,0,182,268_AL_.jpg</thumbnail>
        </item>

       <item>
        <title>[COLORgoldenrod]Hellriser (2017)[/COLOR]</title>
        <link>https://streamango.com/f/kraofqpsdatsneln/hellriser_2017_dvdrip_x264-spooks_mkv_mp4</link>
        <thumbnail>https://images-na.ssl-images-amazon.com/images/M/MV5BOGUwYjJhODQtNjk1Ni00MTkwLWEzOGYtOTkwN2NlYzI0Mjg2XkEyXkFqcGdeQXVyNTEzNzk5Njg@._V1_UY268_CR8,0,182,268_AL_.jpg</thumbnail>
       </item>

       <item>
        <title>[COLORgoldenrod]Darkness Rising (2017)[/COLOR]</title>
        <link>https://streamango.com/f/alarpfpmnnmectmp/Darkness_Rising_2017_720p_BRRip_600_MB_-_iExTV_mp4</link>
        <thumbnail>https://images-na.ssl-images-amazon.com/images/M/MV5BOTEwMTE2MDEtMzkxOS00MDg5LWI4ZWQtNWIxNDM2ZTVjMjI1XkEyXkFqcGdeQXVyMzY2NTE4NTY@._V1_UX182_CR0,0,182,268_AL_.jpg</thumbnail>
       </item>

       <item>
        <title>[COLORgoldenrod]Bad Match (2017)[/COLOR]</title>
        <link>https://streamango.com/f/dtmrtpamnpeldpel/Bad_Match_2017_720p_HDRip_x264_AAC_-_Hon3y_mkv_mp4</link>
        <thumbnail>https://images-na.ssl-images-amazon.com/images/M/MV5BNGI5ZjEzZWYtY2U2NS00MDY4LWFhNjItOWVjY2Y5ZjU2NDQ3XkEyXkFqcGdeQXVyMTY2NTQ3ODc@._V1_UX182_CR0,0,182,268_AL_.jpg</thumbnail>
       </item>

       <item>
        <title>[COLORgoldenrod]Different Flowers (2017)[/COLOR]</title>
        <link>https://images-na.ssl-images-amazon.com/images/M/MV5BZTAyNjcxNzctMTNiMS00ZGVjLWE2YmItZWM4OWE4YTEyNDc0L2ltYWdlXkEyXkFqcGdeQXVyMzcxNDM5NDE@._V1_UX182_CR0,0,182,268_AL_.jpg</link>
        <thumbnail>https://images-na.ssl-images-amazon.com/images/M/MV5BZTAyNjcxNzctMTNiMS00ZGVjLWE2YmItZWM4OWE4YTEyNDc0L2ltYWdlXkEyXkFqcGdeQXVyMzcxNDM5NDE@._V1_UX32_CR0,0,32,44_AL_.jpg</thumbnail>
       </item>

       <item>
        <title>[COLORgoldenrod]Good Time (2017)[/COLOR]</title>
        <link>http://uptobox.com/18cfost4n9dz</link>
        <thumbnail>https://images-na.ssl-images-amazon.com/images/M/MV5BNGQ3Y2VjNmUtMDdiMC00YTE1LWI5NmUtZDIzMTJmODQyNDU4XkEyXkFqcGdeQXVyNTAzMTY4MDA@._V1_UX182_CR0,0,182,268_AL_.jpg</thumbnail>
       </item>
		
		<item>
        <title>[COLORcyan]---------Tahquitz@HWWTN--------- [/COLOR]</title>
        <link></link>
        <thumbnail></thumbnail>
       </item>			

       <item>
        <title>[COLORgoldenrod]The Show (2017)[/COLOR]</title>
        <link>http://uptobox.com/h4f30imu5s8f</link>
        <thumbnail>https://images-na.ssl-images-amazon.com/images/M/MV5BY2U1MjIwODQtNDgyZi00ZWEwLThmY2ItMmExNjZhNTkxZWExXkEyXkFqcGdeQXVyNDQwMTQ5ODk@._V1_UY268_CR2,0,182,268_AL_.jpg</thumbnail>
       </item>

       <item>
        <title>[COLORgoldenrod]Atomic Blonde (2017)[/COLOR]</title>
        <link>http://uptobox.com/78n3xh5q3eg0</link>
        <thumbnail>https://images-na.ssl-images-amazon.com/images/M/MV5BMjM5NDYzMzg5N15BMl5BanBnXkFtZTgwOTM2NDU1MjI@._V1_UX182_CR0,0,182,268_AL_.jpg</thumbnail>
       </item>

       <item>
        <title>[COLORgoldenrod]Gun Shy (2017)[/COLOR]</title>
        <link>http://uptobox.com/t6fvjt2ssz81</link>
        <thumbnail>https://images-na.ssl-images-amazon.com/images/M/MV5BNDQwNTk2MDk1NV5BMl5BanBnXkFtZTgwMzgwOTUxMzI@._V1_UX182_CR0,0,182,268_AL_.jpg</thumbnail>
       </item>

       <item>
        <title>[COLORgoldenrod]Khali The Killer (2017)[/COLOR]</title>
        <link>http://uptobox.com/b7lzxn0sn1i8</link>
        <thumbnail>https://images-na.ssl-images-amazon.com/images/M/MV5BYTAwZjU4MzgtODE2ZC00OGJmLWFjODMtZmM1NTk1ZjQ5ZDdmXkEyXkFqcGdeQXVyMjMzNjQ0NzQ@._V1_UX182_CR0,0,182,268_AL_.jpgg</thumbnail>
       </item>

       <item>
        <title>[COLORgoldenrod] Brigsby Bear (2017)[/COLOR]</title>
        <link>http://uptobox.com/tfkps3zckd86</link>
        <thumbnail>https://images-na.ssl-images-amazon.com/images/M/MV5BM2VlYzgxMWMtNjFjNy00NzRkLTk3YmQtZjI2MjVjZWNkNzgwXkEyXkFqcGdeQXVyMjM4NTM5NDY@._V1_UX182_CR0,0,182,268_AL_.jpg</thumbnail>
       </item>

       <item>
        <title>[COLORgoldenrod]Another Mother's Son (2017)[/COLOR]</title>
        <link>http://uptobox.com/7uxyou2x57i8</link>
        <thumbnail>https://images-na.ssl-images-amazon.com/images/M/MV5BNWVlODdlZGUtNzdlYy00YmNlLWEyZDktOGEzNTZiYjE1YTg4XkEyXkFqcGdeQXVyMTExNDQ2MTI@._V1_UY268_CR4,0,182,268_AL_.jpg</thumbnail>
       </item>

       <item>
        <title>[COLORgoldenrod]Valerian And The City Of A Thousand Planets (2017)[/COLOR]</title>
        <link>https://streamango.com/f/kdcrbsrcbbedbrem/Valerian_and_the_City_of_a_Thousand_Planets_2017_720p_KOR_HDRip_XviD-PCHD_avi_mp4</link>
        <thumbnail>https://images-na.ssl-images-amazon.com/images/M/MV5BMTkxMDAxNDUyNV5BMl5BanBnXkFtZTgwOTc3MzcxMjI@._V1_UX182_CR0,0,182,268_AL_.jpg</thumbnail>
       </item>

       <item>
        <title>[COLORgoldenrod]Wolves At The Door (2016)[/COLOR]</title>
        <link>https://streamango.com/f/kastsmaamlodbklc/Wolves_at_the_Door_2016_720p_WEBRip_550_MB_-_iExTV_mp4</link>
        <thumbnail>https://images-na.ssl-images-amazon.com/images/M/MV5BMjI1NjIyNjMwN15BMl5BanBnXkFtZTgwMjgzNDEzMDI@._V1_UX182_CR0,0,182,268_AL_.jpg</thumbnail>
       </item>

       <item>
        <title>[COLORgoldenrod]Spooky Stakeout (2016)[/COLOR]</title>
        <link>https://streamango.com/f/msolcmdnqrtpmrpk/spooky_stakeout_2016_dvdrip_x264-spooks_mkv_mp4</link>
        <thumbnail>https://images-na.ssl-images-amazon.com/images/M/MV5BMjAwMDI0NTY2OF5BMl5BanBnXkFtZTgwNTU0NjMyMDI@._V1_UY268_CR9,0,182,268_AL_.jpg</thumbnail>
       </item>

       <item>
        <title>[COLORgoldenrod]One Of Us (2017)[/COLOR]</title>
        <link>https://streamango.com/f/tnlnbocrnpfmpmno/One_of_Us_2017_WEB_x264-FS_mp4</link>
        <thumbnail>https://images-na.ssl-images-amazon.com/images/M/MV5BMGI5ODQzODQtZGUxZC00MWY0LTgyNjgtMDM5NDYxNmUxNWYzXkEyXkFqcGdeQXVyNTk0NzE2OTE@._V1_UY268_CR0,0,182,268_AL_.jpg</thumbnail>
       </item>

       <item>
        <title>[COLORgoldenrod]Person To Person (2017)[/COLOR]</title>
        <link>https://streamango.com/f/qolfmtfcrkfqmnla/Person_To_Person_2017_Movies_720p_HDRip_XviD_ESubs_AAC_New_Source_rDX_mkv_mp4</link>
        <thumbnail>https://images-na.ssl-images-amazon.com/images/M/MV5BMTU4NDEzNjc3Ml5BMl5BanBnXkFtZTgwMDg2Nzg2MjI@._V1_UY268_CR1,0,182,268_AL_.jpg</thumbnail>
       </item>

       <item>
        <title>[COLORgoldenrod]Blue Woods (2017)[/COLOR]</title>
        <link>https://streamango.com/f/nmnrkrkmlpslqnlm/Blue_Woods_2017_HDRip_XviD_AC3-EVO_avi_mp4</link>
        <thumbnail></thumbnail>
       </item>

       <item>
        <title>[COLORgoldenrod]The Nut Job 2: Nutty By Nature (2017)[/COLOR]</title>
        <link>https://streamango.com/f/sttnnfcbafpspllo/The_Nut_Job_2_Nutty_by_Nature_2017_HDRip_XviD_AC3-EVO_avi_mp4</link>
        <thumbnail>https://images-na.ssl-images-amazon.com/images/M/MV5BZTA5ZDZhMjgtNjNkOC00MzM0LWFlZmItZTM4MjJkMGEyZGQwXkEyXkFqcGdeQXVyMjM4NTM5NDY@._V1_UX182_CR0,0,182,268_AL_.jpg</thumbnail>
       </item>
		
       <item>
        <title>[COLORgoldenrod]Halloween Pussy Trap Kill! Kill! (2016)[/COLOR]</title>
        <link>https://streamango.com/f/erpptcesnfqdmmqm/Halloween_Pussy_Trap_Kill_Kill_2017_HDRip_XviD_AC3-EVO_avi_mp4</link>
        <thumbnail>https://images-na.ssl-images-amazon.com/images/M/MV5BMDUxMDQzZTEtMmI0NS00NDRhLTkxZWQtZGVjZTVhZTE5NDAxL2ltYWdlL2ltYWdlXkEyXkFqcGdeQXVyMjUzNjg2MTc@._V1_UY268_CR7,0,182,268_AL_.jpg</thumbnail>
       </item>		

       <item>
        <title>[COLORgoldenrod]Planetarium (2016)[/COLOR]</title>
        <link>https://streamango.com/f/kbstlmmtmlofmqcs/Planetarium_2016_DVDRip_x264-PSYCHD_mkv_mp4</link>
        <thumbnail>https://images-na.ssl-images-amazon.com/images/M/MV5BNTU1MjA1N2MtMjA3OC00OGY4LTkxYmEtNGVkYjQ0NmY2MDRmXkEyXkFqcGdeQXVyNTM3MDMyMDQ@._V1_UY268_CR9,0,182,268_AL_.jpg</thumbnail>
       </item>

       <item>
        <title>[COLORgoldenrod]The Healer (2017)[/COLOR]</title>
        <link>https://streamango.com/f/tdsqsmccabmapmfs/the_healer_2017_bdrip_x264-rusted_mkv_mp4</link>
        <thumbnail>https://images-na.ssl-images-amazon.com/images/M/MV5BNDJkOTU5NjctNzBiZS00NTI2LTk1NDMtYmNjNDA4Yjk0MDhhXkEyXkFqcGdeQXVyMTM2MzAwOA@@._V1_UX182_CR0,0,182,268_AL_.jpg</thumbnail>
       </item>

       <item>
        <title>[COLORgoldenrod]Hickok (2017)[/COLOR]</title>
        <link>https://streamango.com/f/lafeeckmcfdmmpdb/Hickok_2017_BRRip_XviD_AC3-EVO_avi_mp4</link>
        <thumbnail>https://images-na.ssl-images-amazon.com/images/M/MV5BMDQ1Mjk1MjAtYjRiOC00ZjQyLTgxZDctYmE4YjY1YTg1ZThjXkEyXkFqcGdeQXVyMzY0MzA3NTg@._V1_UY268_CR4,0,182,268_AL_.jpg</thumbnail>
       </item>

       <item>
        <title>[COLORgoldenrod]SPF-18 (2017)[/COLOR]</title>
        <link>https://streamango.com/f/brmrkqkrnnecdfks/SPF-18_2017_HDRip_XviD_AC3-EVO_avi_mp4</link>
        <thumbnail>https://images-na.ssl-images-amazon.com/images/M/MV5BNjUyYmRiZmItOTY4Zi00YjRkLWE3N2ItNzI2Zjc3OGVjMGEyXkEyXkFqcGdeQXVyNTQ3MjE4NTU@._V1_UX182_CR0,0,182,268_AL_.jpg</thumbnail>
       </item>

       <item>
        <title>[COLORgoldenrod]Initiation (2016)[/COLOR]</title>
        <link>https://streamango.com/f/kcknaleonapnkrbo/Initiation_2016_DVDRip_x264-RedBlade_mkv_mp4</link>
        <thumbnail>https://images-na.ssl-images-amazon.com/images/M/MV5BOGJlNzE4Y2EtYzllNy00YWI4LWI2MDUtZjc2NWU2ZTZkNjZhXkEyXkFqcGdeQXVyNTM3MDMyMDQ@._V1_UY268_CR87,0,182,268_AL_.jpg</thumbnail>
       </item>

       <item>
        <title>[COLORgoldenrod]Him (2016)[/COLOR]</title>
        <link>https://streamango.com/f/fnkkfacnonrrorsr/Him_2016_DVDRip_XViD_AC3-juggs_avi_mp4</link>
        <thumbnail>https://images-na.ssl-images-amazon.com/images/M/MV5BYjI3YzRlNDEtY2FiMC00OTE5LThlOTctNDIwODQ3ZTdkNGJiXkEyXkFqcGdeQXVyMzUzMDM3MA@@._V1_UY268_CR9,0,182,268_AL_.jpg</thumbnail>
       </item>

       <item>
        <title>[COLORgoldenrod]Peppa Pig My First Cinema Experience (2017)[/COLOR]</title>
        <link>https://streamango.com/f/sbmftpaeeslpeqcq/Peppa_Pig_My_First_Cinema_Experience_2017_HDRip_XviD_AC3-EVO_avi_mp4</link>
        <thumbnail>https://images-na.ssl-images-amazon.com/images/M/MV5BM2I4OWI3MGUtZmUzMC00NjFhLWJlYTQtNjI1ZjFkOTc4Y2YwXkEyXkFqcGdeQXVyMDEzNzk1OQ@@._V1_UX182_CR0,0,182,268_AL_.jpg</thumbnail>
       </item>

       <item>
        <title>[COLORgoldenrod]The Wedding Plan (2016)[/COLOR]</title>
        <link>https://streamango.com/f/akcpaqnlkotcooqo/The_Wedding_Plan_2016_DVDRip_x264-RedBlade_mkv_mp4</link>
        <thumbnail>https://images-na.ssl-images-amazon.com/images/M/MV5BMjQ1ODM3NTg4OV5BMl5BanBnXkFtZTgwMTY3NTI0MTI@._V1_UX182_CR0,0,182,268_AL_.jpg</thumbnail>
       </item>

       <item>
        <title>[COLORgoldenrod]Without Name (2016)[/COLOR]</title>
        <link>https://streamango.com/f/pepcbasmeeocfssp/without_name_2016_dvdrip_x264-spooks_mkv_mp4</link>
        <thumbnail>https://images-na.ssl-images-amazon.com/images/M/MV5BNGFlODMwYjMtN2I3NS00MTliLWEyNWUtNjJjODIyY2Q1MTcwXkEyXkFqcGdeQXVyNTcwMzkyNDE@._V1_UX182_CR0,0,182,268_AL_.jpg</thumbnail>
       </item>

       <item>
        <title>[COLORgoldenrod]The Vault (2017)[/COLOR]</title>
        <link>https://streamango.com/f/trfpscansslmqpqs/The_Vault_2017_720p_BluRay_H264_AAC-RARBG_mp4</link>
        <thumbnail>https://images-na.ssl-images-amazon.com/images/M/MV5BODE1ODg2NDY1MF5BMl5BanBnXkFtZTgwNjYxMTIwMzI@._V1_UY268_CR0,0,182,268_AL_.jpg</thumbnail>
       </item>
		
       <item>
        <title>[COLORgoldenrod]Barbie Dolphin Magic (2017)[/COLOR]</title>
        <link>https://streamango.com/f/camsqfbldketdrbl/Barbie_Dolphin_Magic_2017_HDRip_XviD_AC3-EVO_avi_mp4</link>
        <thumbnail>https://images-na.ssl-images-amazon.com/images/M/MV5BZDBjMWYyZWItZmVlMS00ZGIzLTlhMzktNDRiYWMxZGVhODg0XkEyXkFqcGdeQXVyNTcyODQyMTc@._V1_UY268_CR342,0,182,268_AL_.jpg</thumbnail>
       </item>

       <item>
        <title>[COLORgoldenrod]Jeepers Creepers 3 (2017)[/COLOR]</title>
        <link>https://streamango.com/f/tsmlpcqdnfqqnpem/Jeepers_Creepers_3_2017_HDrip_x264-DENiM_mkv_mp4</link>
        <thumbnail>https://images-na.ssl-images-amazon.com/images/M/MV5BMTY2NzQwNjY4M15BMl5BanBnXkFtZTgwOTM2MzkzMzI@._V1_UX182_CR0,0,182,268_AL_.jpg</thumbnail>
       </item>

       <item>
        <title>[COLORgoldenrod]IT HC (2017)[/COLOR]</title>
        <link>https://streamango.com/f/dpoqsrcpttmcloqp/IT_2017_720_HC_HDRip_MkvCage_mkv</link>
        <thumbnail>https://images-na.ssl-images-amazon.com/images/M/MV5BOTE0NWEyNDYtYWI5MC00MWY0LTg1NDctZjAwMjkyMWJiNzk1XkEyXkFqcGdeQXVyNjk5NDA3OTk@._V1_UX182_CR0,0,182,268_AL_.jpg</thumbnail>
       </item>

       <item>
        <title>[COLORgoldenrod]Pup Star Better 2gether (2017)[/COLOR]</title>
        <link>https://streamango.com/f/elkfrrmrbbemcrtf/pup_star_better_2gether_2017_720p_web_x264-strife_mkv_mp4</link>
        <thumbnail>https://images-na.ssl-images-amazon.com/images/M/MV5BZjBiMDU5ZDYtN2E5Yi00YTNkLTg1YmEtYzc0ZTI0MWVmMGU3XkEyXkFqcGdeQXVyNjAzNTc2MDg@._V1_UX182_CR0,0,182,268_AL_.jpg</thumbnail>
       </item>

       <item>
        <title>[COLORgoldenrod]Brad's Status HC (2017)[/COLOR]</title>
        <link>https://streamango.com/f/aektntfesmnpampt/Brads_Status_2017_720p_HC_HDRip_x264_AAC_-_Hon3y_mkv_mp4</link>
        <thumbnail>https://images-na.ssl-images-amazon.com/images/M/MV5BNDliZTUwZTktYmJlNC00MGE1LWEwODktNWZiNTRkMGFiNTg1XkEyXkFqcGdeQXVyNjU5NzU3MjE@._V1_UX182_CR0,0,182,268_AL_.jpg</thumbnail>
       </item>

       <item>
        <title>[COLORgoldenrod]All Nighter (2017)[/COLOR]</title>
        <link>https://streamango.com/f/ssdkdmncltmrcqsf/afn-all_nighter_2017_internal_bdrip_x264_mkv_mp4</link>
        <thumbnail>https://images-na.ssl-images-amazon.com/images/M/MV5BMTQ4NzUwNzA0MV5BMl5BanBnXkFtZTgwMTg3MjIwMTI@._V1_UX182_CR0,0,182,268_AL_.jpg</thumbnail>
       </item>

       <item>
        <title>[COLORgoldenrod]Wheel Man (2017)[/COLOR]</title>
        <link>https://streamango.com/f/sekakfrbkfqaqtnp/Wheelman_2017_720p_NF_WEB-DL_650MB_MkvCage_mkv_mp4</link>
        <thumbnail>https://images-na.ssl-images-amazon.com/images/M/MV5BMjA3NjA0MzE1N15BMl5BanBnXkFtZTgwNjAzNzQ0MzI@._V1_UX182_CR0,0,182,268_AL_.jpg</thumbnail>
       </item>

       <item>
        <title>[COLORgoldenrod]Killing Ground (2016)[/COLOR]</title>
        <link>https://streamango.com/f/drfstsptsmsqntdl/18_Killing_Ground_2016_UNCENSORED_Movies_720p_BluRay_x264_rDX_mkv_mp4</link>
        <thumbnail>https://images-na.ssl-images-amazon.com/images/M/MV5BMjI0MjE4MDI1OV5BMl5BanBnXkFtZTgwMDkwOTc3MjI@._V1_UX182_CR0,0,182,268_AL_.jpg</thumbnail>
       </item>

       <item>
        <title>[COLORgoldenrod]Crash Pad (2017)[/COLOR]</title>
        <link>https://streamango.com/f/dqlpeoedqmdmcnnq/18_Crash_Pad_2017_UNCENSORED_Movies_720p_HDRip_x264_rDX_mkv_mp4</link>
        <thumbnail>https://images-na.ssl-images-amazon.com/images/M/MV5BMjE5NTM1MDcwNV5BMl5BanBnXkFtZTgwODQ1ODY3MzI@._V1_UX182_CR0,0,182,268_AL_.jpg</thumbnail>
       </item>

       <item>
        <title>[COLORgoldenrod]The Devil's Toy Box (2017)[/COLOR]</title>
        <link>https://streamango.com/f/pprneplmmbtkmfem/The_Devils_Toy_Box_2017_Movies_DVDRip_x264_rDX_mkv_mp4</link>
        <thumbnail>https://images-na.ssl-images-amazon.com/images/M/MV5BOTQzODY5MzQ3M15BMl5BanBnXkFtZTgwMzg1NTQ0NjE@._V1_UX182_CR0,0,182,268_AL_.jpg</thumbnail>
       </item>

       <item>
        <title>[COLORgoldenrod]Enclosure (2016)[/COLOR]</title>
        <link>https://streamango.com/f/dbnlftrptmdofmpn/Enclosure_2016_Movies_DVDRip_x264_AAC_rDX_mkv_mp4</link>
        <thumbnail>https://images-na.ssl-images-amazon.com/images/M/MV5BYzYxMzAxNzItYWJlNC00ZGUwLTlhZDktM2NkNTY0YWI5NjUwL2ltYWdlXkEyXkFqcGdeQXVyNjU2NDIxOTM@._V1_UX182_CR0,0,182,268_AL_.jpg</thumbnail>
       </item>

       <item>
        <title>[COLORgoldenrod]The Truth About Lies (2017)[/COLOR]</title>
        <link>https://streamango.com/f/mteennoalppdafkt/The_Truth_About_Lies_2017_HDRip_XviD_AC3-EVO_avi_mp4</link>
        <thumbnail>https://images-na.ssl-images-amazon.com/images/M/MV5BMTk1NzEyMjUwOV5BMl5BanBnXkFtZTgwNTkwMjU2MzI@._V1_UX182_CR0,0,182,268_AL_.jpg</thumbnail>
       </item>

       <item>
        <title>[COLORgoldenrod]Happy Death Day HC (2017)[/COLOR]</title>
        <link>https://streamango.com/f/rnornmflqrbolrsl/Happy_Death_Day_2017_HC_V2_720p_WEBRip_700_MB_-_iExTV_mp4</link>
        <thumbnail>https://images-na.ssl-images-amazon.com/images/M/MV5BMTk0ODMyNjk1NF5BMl5BanBnXkFtZTgwNDkxOTk4MzI@._V1_UX182_CR0,0,182,268_AL_.jpg</thumbnail>
       </item>

       <item>
        <title>[COLORgoldenrod]The Heyday Of The Insensitive Bastards (2017)[/COLOR]</title>
        <link>https://streamango.com/f/dcrbpmcsrdaqaemm/18_The_Heyday_Of_The_Insensitive_Bastards_2017_Movies_720p_HDRip_x264_rDX_mkv_mp4</link>
        <thumbnail>https://images-na.ssl-images-amazon.com/images/M/MV5BMjQ2MTI4NDcwM15BMl5BanBnXkFtZTgwMjIwMTEwNDI@._V1_UX182_CR0,0,182,268_AL_.jpg</thumbnail>
       </item>

       <item>
        <title>[COLORgoldenrod]Acts of Vengeance (2017)[/COLOR]</title>
        <link>https://streamango.com/f/knpddposfknlcsnn/Acts_of_Vengeance_2017_720p_WEBRip_650_MB_-_iExTV_mp4</link>
        <thumbnail>https://images-na.ssl-images-amazon.com/images/M/MV5BMjI2NTg5NDA1NF5BMl5BanBnXkFtZTgwNjEyMDk2MzI@._V1_UX182_CR0,0,182,268_AL_.jpg</thumbnail>
        </item>

       <item>
        <title>[COLORgoldenrod]Espionage Tonight (2017)[/COLOR]</title>
        <link>https://streamango.com/f/cdfsfkkmbqlklkoa/Espionage_Tonight_2017_HDRip_XviD_AC3-EVO_avi_mp4</link>
        <thumbnail>https://images-na.ssl-images-amazon.com/images/M/MV5BNTYzZGQ4ZjctNTZlOC00M2IxLTg4MjEtODE2ZGViZTM3NWQzXkEyXkFqcGdeQXVyNTM0MDc1ODE@._V1_UY268_CR13,0,182,268_AL_.jpg</thumbnail>
        </item>

       <item>
        <title>[COLORgoldenrod]The Marker (2017)[/COLOR]</title>
        <link>https://streamango.com/f/bltsqonbfcpmbkqd/The_Marker_2017_HDRip_XviD_AC3-EVO_avi_mp4</link>
        <thumbnail>https://images-na.ssl-images-amazon.com/images/M/MV5BODhiMzNmYmEtYWZkYy00ZTI0LThhMWMtNGRkOTI2MDdiNWEwXkEyXkFqcGdeQXVyMTg2NjYzOA@@._V1_UX182_CR0,0,182,268_AL_.jpg</thumbnail>
        </item>

       <item>
        <title>[COLORgoldenrod]Creep 2 (2017)[/COLOR]</title>
        <link>https://streamango.com/f/orcnkfetlrcnmsdd/Creep_2_2017_HDRip_XviD_AC3-EVO_avi_mp4</link>
        <thumbnail>https://images-na.ssl-images-amazon.com/images/M/MV5BMjA2MTkxMDYzN15BMl5BanBnXkFtZTgwNTc3Mzc4MzI@._V1_UX182_CR0,0,182,268_AL_.jpg</thumbnail>
        </item>

       <item>
        <title>[COLORgoldenrod]Overdrive (2017)[/COLOR]</title>
        <link>https://streamango.com/f/onemmmckssksdopm/Overdrive_2017_720p_BluRay_x264-_YTS_AG_mp4</link>
        <thumbnail>https://images-na.ssl-images-amazon.com/images/M/MV5BMDExMTAzYmEtZjMwOC00MjIxLTkyNjMtOTZjOWIwMTI0YTc0XkEyXkFqcGdeQXVyMjU3NTI0Mg@@._V1_UX182_CR0,0,182,268_AL_.jpg</thumbnail>
        </item>
		
		<item>
        <title>[COLORcyan]---------Tahquitz@HWWTN--------- [/COLOR]</title>
        <link></link>
        <thumbnail></thumbnail>
        </item>			

       <item>
        <title>[COLORgoldenrod]Mother Krampus (2017)[/COLOR]</title>
        <link>https://streamango.com/f/kspelfbmqeorcqlb/Mother_Krampus_2017_BRRip_XviD_AC3-EVO_avi_mp4</link>
        <thumbnail>https://images-na.ssl-images-amazon.com/images/M/MV5BY2MzOTk4OTYtZDY0Yy00OTc3LWI2N2ItZDM4ZjM0MmJiMmYwXkEyXkFqcGdeQXVyMjM4MTU4NjQ@._V1_UY268_CR4,0,182,268_AL_.jpg</thumbnail>
        </item>


       <item>
        <title>[COLORgoldenrod]Glory Day (2016)[/COLOR]</title>
        <link>https://streamango.com/f/tnpbcsqponombfpc/Glory_Day_2016_BDRip_x264-killerHD_mkv_mp4</link>
        <thumbnail>https://images-na.ssl-images-amazon.com/images/M/MV5BYzU0OGZjOGItNGVlMi00YWY2LWE2YWUtYmNkYmY5ODA3NTc0XkEyXkFqcGdeQXVyNTQ0NTUxOTA@._V1_UY268_CR2,0,182,268_AL_.jpg</thumbnail>
        </item>

       <item>
        <title>[COLORgoldenrod]A Closer Walk With Thee (2017)[/COLOR]</title>
        <link>https://streamango.com/f/nampfenoodrlslmp/A_Closer_Walk_With_Thee_2017_DVDRip_x264-RedBlade_mkv_mp4</link>
        <thumbnail>https://images-na.ssl-images-amazon.com/images/M/MV5BMmEzZmVmN2MtZmZlZi00ODgwLTlkMTYtNzIyOTVhYzA3MWVkXkEyXkFqcGdeQXVyNjY0MTgwOQ@@._V1_UX182_CR0,0,182,268_AL_.jpg</thumbnail>
        </item>

       <item>
        <title>[COLORgoldenrod]God of War (2017)[/COLOR]</title>
        <link>https://streamango.com/f/tkapcdatkfsfeqfm/God_of_War_2017_720p_BluRay_x264_VPPV_mkv_mp4</link>
        <thumbnail>https://images-na.ssl-images-amazon.com/images/M/MV5BZmQ5MjE4NDgtZjAxNC00MDVhLTlkNWQtZDNlYTU5NTA5NTM3XkEyXkFqcGdeQXVyMTExNDQ2MTI@._V1_UY268_CR3,0,182,268_AL_.jpg</thumbnail>
        </item>

       <item>
        <title>[COLORgoldenrod]Arg Stairs (2017)[/COLOR]</title>
        <link>https://streamango.com/f/kelftmbdqsllcofe/Arg_Stairs_2017_HDRip_XviD_AC3-EVO_avi_mp4</link>
        <thumbnail>https://images-na.ssl-images-amazon.com/images/M/MV5BZTVkZTg4MTItODEwYi00ZDZiLTlhMDgtOWI5M2I4NjI5Y2JiXkEyXkFqcGdeQXVyMjc1MTY1NDU@._V1_UX182_CR0,0,182,268_AL_.jpg</thumbnail>
        </item>

       <item>
        <title>[COLORgoldenrod]Jungle (2017)[/COLOR]</title>
        <link>https://streamango.com/f/pefmndnpmncokcsf/Jungle_2017_720p_WEB-DL_950MB_MkvCage_mkv_mp4</link>
        <thumbnail>https://images-na.ssl-images-amazon.com/images/M/MV5BNDE4OTk4MTk0M15BMl5BanBnXkFtZTgwODQ4MTg0MzI@._V1_UY268_CR4,0,182,268_AL_.jpg</thumbnail>
        </item>

       <item>
        <title>[COLORgoldenrod]The Evil Within (2017)[/COLOR]</title>
        <link>https://streamango.com/f/oracpempdafnsctr/The_Evil_Within_2017_720p_HDRip_x264_AAC_-_Hon3y_mp4</link>
        <thumbnail>https://images-na.ssl-images-amazon.com/images/M/MV5BMDQ5OTkwYzYtMGJmMS00YzU4LWEyMWMtNDQ2ZDIyN2MyYWFlXkEyXkFqcGdeQXVyMzAxMTA2Ng@@._V1_UY268_CR12,0,182,268_AL_.jpg</thumbnail>
        </item>

       <item>
        <title>[COLORgoldenrod]Ingrid Goes West (2017)[/COLOR]</title>
        <link>https://streamango.com/f/ldqtarlodrnksldb/Ingrid_Goes_West_2017_HDRip_720p_x264_AAC_-_Hon3y_mkv_mp4</link>
        <thumbnail>https://images-na.ssl-images-amazon.com/images/M/MV5BNzE3Mzc5NTc4M15BMl5BanBnXkFtZTgwMDYwNzM3MjI@._V1_UY268_CR3,0,182,268_AL_.jpg</thumbnail>
        </item>

       <item>
        <title>[COLORgoldenrod]Hampstead (2017)[/COLOR]</title>
        <link>https://streamango.com/f/ktckrefdqnamcoso/Hampstead_2017_720p_WEB-DL_x264-M2Tv_mkv_mp4</link>
        <thumbnail>https://images-na.ssl-images-amazon.com/images/M/MV5BMThhNGZiYjYtNWM5NC00NzMzLWIzOTUtZmJiYjE4MmRlMTc3XkEyXkFqcGdeQXVyMTM3NzQ5NzQ@._V1_UX182_CR0,0,182,268_AL_.jpg</thumbnail>
        </item>

       <item>
        <title>[COLORgoldenrod]Columbus (2017)[/COLOR]</title>
        <link>https://streamango.com/f/flmkkckbtfapemtb/Columbus_2017_WEB-DL_x264-FGT_mp4</link>
        <thumbnail>https://images-na.ssl-images-amazon.com/images/M/MV5BMjExMzUxNDgwMl5BMl5BanBnXkFtZTgwOTk2MzM3MjI@._V1_UX182_CR0,0,182,268_AL_.jpg</thumbnail>
        </item>

       <item>
        <title>[COLORgoldenrod]Shortwave (2016)[/COLOR]</title>
        <link>https://www.rapidvideo.com/v/FKUF5RLT3P</link>
        <thumbnail>https://images-na.ssl-images-amazon.com/images/M/MV5BZWUxOWIzOTYtMjBhYy00MWFiLWEzYTgtMzRiOTExOTA1ZWQ4XkEyXkFqcGdeQXVyNjI2ODA4MDU@._V1_UX182_CR0,0,182,268_AL_.jpg</thumbnail>
        </item>

       <item>
        <title>[COLORgoldenrod]Geo Disaster (2017)[/COLOR]</title>
        <link>https://streamango.com/f/qoqeaetdcocskpop/Geo-Disaster_2017_720p_BluRay_x264-_YTS_AG_mp4</link>
        <thumbnail>https://images-na.ssl-images-amazon.com/images/M/MV5BMmU4ZDk1YTgtNWJmNy00NDNlLWIzN2ItYWUwZTY0MzYzYzYzXkEyXkFqcGdeQXVyNzMyNzE5OA@@._V1_UY268_CR3,0,182,268_AL_.jpg</thumbnail>
        </item>

       <item>
        <title>[COLORgoldenrod]The Watcher In The Woods (2017)[/COLOR]</title>
        <link>https://streamango.com/f/fckkdebmffomtnat/The_Watcher_in_the_Woods_2017_HDTV_x264-CRiMSON_ettv_mkv_mp4</link>
        <thumbnail>https://images-na.ssl-images-amazon.com/images/M/MV5BODE4NTU5MDk1OF5BMl5BanBnXkFtZTgwNDE1MzU4MzI@._V1_UX182_CR0,0,182,268_AL_.jpg</thumbnail>
        </item>

       <item>
        <title>[COLORgoldenrod]Long Time Running (2017)[/COLOR]</title>
        <link>https://streamango.com/f/kfoneenlnbraokob/Long_Time_Running_2017_HDTV_x264-aAF_ettv_mkv_mp4</link>
        <thumbnail>https://images-na.ssl-images-amazon.com/images/M/MV5BNTA4NjQzMzg3MF5BMl5BanBnXkFtZTgwMTM0NjIzMzI@._V1_UY268_CR1,0,182,268_AL_.jpg</thumbnail>
        </item>

        <item>
        <title>[COLORgoldenrod]Crow (2016)[/COLOR]</title>
        <link>https://streamango.com/f/rfqosbrcpemlqsql/crow_2016_dvdrip_x264-spooks_mkv_mp4</link>
        <thumbnail>https://images-na.ssl-images-amazon.com/images/M/MV5BODM4NzE5NmItYmI1YS00YzIwLWE2MWYtNzNiYTA5MmQ0Mjk3XkEyXkFqcGdeQXVyMjIyNTc3NDU@._V1_UX182_CR0,0,182,268_AL_.jpg</thumbnail>
        </item>

        <item>
        <title>[COLORgoldenrod]A Demon Within (2018)[/COLOR]</title>
        <link>hhttps://streamango.com/f/qfdkattaanlastra/a_demon_within_2018_dvdrip_x264-spooks_mkv_mp4</link>
        <thumbnail>https://images-na.ssl-images-amazon.com/images/M/MV5BYmE2Y2JkMTQtZTg4MC00ZWZlLWE2N2ItNTg3M2MzODkzZjRhXkEyXkFqcGdeQXVyMjg1MTU1NjI@._V1_UX182_CR0,0,182,268_AL_.jpg</thumbnail>
        </item>

        <item>
        <title>[COLORgoldenrod]The Only Living Boy In New York (2017)[/COLOR]</title>
        <link>https://streamango.com/f/fnrdfbrkokqqpall/The_Only_Living_Boy_in_New_York_2017_WEB-DL_XviD_MP3-FGT_avi_mp4</link>
        <thumbnail>https://images-na.ssl-images-amazon.com/images/M/MV5BODEzODA5NjU2NF5BMl5BanBnXkFtZTgwODkwNzA5MjI@._V1_UX182_CR0,0,182,268_AL_.jpg</thumbnail>
        </item>

        <item>
        <title>[COLORgoldenrod]The Adventurers (2017)[/COLOR]</title>
        <link>https://streamango.com/f/polaleqdqkcpepnd/The_Adventurers_2017_BDRip_XviD_AC3-EVO_avi_mp4</link>
        <thumbnail>https://images-na.ssl-images-amazon.com/images/M/MV5BZWI1Zjc0NWItZmZmZC00ZDllLThjZDYtNDViYTFkYzA5MWY2XkEyXkFqcGdeQXVyMTk0NTY2ODQ@._V1_UX182_CR0,0,182,268_AL_.jpg</thumbnail>
        </item>

        <item>
        <title>[COLORgoldenrod]Nightworld (2017)[/COLOR]</title>
        <link>https://streamango.com/f/arckrbnrcrmcofka/Nightworld_2017_WEB-DL_x264-FGT_mp4</link>
        <thumbnail>https://images-na.ssl-images-amazon.com/images/M/MV5BMTU5OTE1NDQ0Ml5BMl5BanBnXkFtZTgwNzcyNzcxOTE@._V1_UY268_CR13,0,182,268_AL_.jpg</thumbnail>
        </item>

        <item>
        <title>[COLORgoldenrod]Never Here (2017)[/COLOR]</title>
        <link>https://streamango.com/f/dskbpomqnocnetrb/Never_Here_2017_WEB-DL_x264-FGT_mp4</link>
        <thumbnail>https://images-na.ssl-images-amazon.com/images/M/MV5BNjUyNzAxMjcwMl5BMl5BanBnXkFtZTgwNjI0Nzc4MzI@._V1_UX182_CR0,0,182,268_AL_.jpg</thumbnail>
        </item>

        <item>
        <title>[COLORgoldenrod]Leatherface (2017)[/COLOR]</title>
        <link>https://streamango.com/f/rpqqcrpdnlpsapao/Leatherface_2017_WEB-DL_x264-FGT_mp4</link>
        <thumbnail>https://images-na.ssl-images-amazon.com/images/M/MV5BMjEyMDE1MzE1NF5BMl5BanBnXkFtZTgwMzcwNTU1MzI@._V1_UX182_CR0,0,182,268_AL_.jpg</thumbnail>
        </item>

        <item>
        <title>[COLORgoldenrod]Bunnyman Vengeance (2017)[/COLOR]</title>
        <link>https://streamango.com/f/dslesaftbedmpcka/Bunnyman_Vengeance_2017_WEB-DL_x264-FGT_mp4</link>
        <thumbnail>https://images-na.ssl-images-amazon.com/images/M/MV5BMWIwMjM4OWYtYjFmZC00OWM1LWE1MWUtNTM2YzkwNDk5NDlmXkEyXkFqcGdeQXVyMzkwMTI3Nw@@._V1_UX182_CR0,0,182,268_AL_.jpg</thumbnail>
        </item>

        <item>
        <title>[COLORgoldenrod]Bad Day For The Cut (2017)[/COLOR]</title>
        <link>https://streamango.com/f/sfkdtcfrrokoorct/Bad_Day_for_the_Cut_2017_WEB-DL_XviD_AC3-FGT_avi_mp4</link>
        <thumbnail>https://images-na.ssl-images-amazon.com/images/M/MV5BMWNlMWYyMzUtOTEwMi00NjQ5LWFkNzUtZTU4OWNjN2IyNzQzXkEyXkFqcGdeQXVyNjI0NTQ2Nw@@._V1_UX182_CR0,0,182,268_AL_.jpg</thumbnail>
        </item>

        <item>
        <title>[COLORgoldenrod]1922 (2017)[/COLOR]</title>
        <link>https://streamango.com/f/fkbpmtcrttaepoeq/1922_2017_WEBRip_x264-FGT_mp4</link>
        <thumbnail>https://images-na.ssl-images-amazon.com/images/M/MV5BYTg0MmUyNjItYzJmNi00YTcxLTg4OTQtNmI2ZjI0ZDIzNjQ2XkEyXkFqcGdeQXVyNTM0MDc1ODE@._V1_UY268_CR4,0,182,268_AL_.jpg</thumbnail>
        </item>
		
        <item>
        <title>[COLORgoldenrod]Crazy Lake (2016)[/COLOR]</title>
        <link>https://streamango.com/f/mbeqrqspbmnqrmrn/Crazy_Lake_2016_DVDRip_XViD_AC3-juggs_avi_mp4</link>
        <thumbnail>https://images-na.ssl-images-amazon.com/images/M/MV5BZTQ2ZjY4YzYtMDFmYS00ZDNlLWEwZTgtZDk2Mjc5Y2RhNzk0XkEyXkFqcGdeQXVyNzYzMzY4NDA@._V1_UY268_CR4,0,182,268_AL_.jpg</thumbnail>
        </item>

        <item>
        <title>[COLORgoldenrod]Open Water 3: Cage Dive(2017)[/COLOR]</title>
        <link>https://streamango.com/f/ellctcltcaotespe/Open_Water_3_Cage_Dive_2017_WEB-DL_720p_www_subtorrents_com_mkv_mp4</link>
        <thumbnail>https://images-na.ssl-images-amazon.com/images/M/MV5BMjUxNDgzNTM1NV5BMl5BanBnXkFtZTgwMjkwOTc3MjI@._V1_UX182_CR0,0,182,268_AL_.jpg</thumbnail>
        </item>
		
        <item>
        <title>[COLORgoldenrod]Hacker (2016)[/COLOR]</title>
        <link>https://streamango.com/f/qbcbqtnqqmlkrqfc/Hacker_2016_720p_BRRip_x264_AAC-ETRG_mp4</link>
        <thumbnail>https://images-na.ssl-images-amazon.com/images/M/MV5BYjk3ZWQ4ZmMtNzM1OS00NDQxLWJmZjctNzFlODAyODRkMjcyXkEyXkFqcGdeQXVyMjEwODIzODA@._V1_UY268_CR9,0,182,268_AL_.jpg</thumbnail>
        </item>		
		
        <item>
        <title>[COLORgoldenrod]You Can't Have It (2017)[/COLOR]</title>
        <link>https://streamango.com/f/erbmlccmdekndrdq/You_Can_t_Have_It_2017_HDRip_XViD_AC3-juggs_avi_mp4</link>
        <thumbnail>https://images-na.ssl-images-amazon.com/images/M/MV5BYTY0N2FkYWMtMDUyMC00N2UwLTkyMzUtZDBjOGQ4OWQ3YTA4L2ltYWdlL2ltYWdlXkEyXkFqcGdeQXVyNTI2MDE4NDQ@._V1_UY268_CR3,0,182,268_AL_.jpg</thumbnail>
        </item>		


        <item>
        <title>[COLORgoldenrod]The Good Catholic (2017)[/COLOR]</title>
        <link>https://streamango.com/f/krdqraolfsnldqbq/The_Good_Catholic_2017_BRRip_XviD_AC3-iFT_avi_mp4</link>
        <thumbnail>https://images-na.ssl-images-amazon.com/images/M/MV5BMzdjYTk1OTAtNTY4Ni00OTQzLWEwM2UtZDI2NGNiYjFiMmQ4XkEyXkFqcGdeQXVyMzM0NzU1MzA@._V1_UX182_CR0,0,182,268_AL_.jpg</thumbnail>
        </item>
		

        <item>
        <title>[COLORgoldenrod]The Wilde Wedding (2017)[/COLOR]</title>
        <link>https://streamango.com/embed/pdpmaksscspndbcs/The_Wilde_Wedding_2017_HDRip_XviD_AC3-EVO_mp4</link>
        <thumbnail>https://images-na.ssl-images-amazon.com/images/M/MV5BMTg4MDg5MjA2OV5BMl5BanBnXkFtZTgwMjkyOTg1MzI@._V1_UX182_CR0,0,182,268_AL_.jpgl</thumbnail>
        </item>		

        <item>
        <title>[COLORgoldenrod]A Stork's Journey (2017)[/COLOR]</title>
        <link>https://streamango.com/f/nobcddapnroksdks/A_Storks_Journey_2017_Movies_BRRip_x264_AAC_rDX_mkv_mp4 </link>
        <thumbnail>https://images-na.ssl-images-amazon.com/images/M/MV5BMTFhYjJhMzctMWI2NC00ODRiLWE0YmItODBlYWJkNTU4NjgxXkEyXkFqcGdeQXVyOTE2MTYxOQ@@._V1_UY268_CR2,0,182,268_AL_.jpg</thumbnail>
        </item>

        <item>
        <title>[COLORgoldenrod]A Very Sordid Wedding (2017)[/COLOR]</title>
        <link>https://streamango.com/f/ontselebmdrqqpmp/A_Very_Sordid_Wedding_2017_HDRip_XviD_AC3-EVO_avi_mp4</link>
        <thumbnail>https://images-na.ssl-images-amazon.com/images/M/MV5BN2EyYzg3NWUtYmU5ZS00MDdmLTgyYjYtMTZiZDVmZmE0OWRkXkEyXkFqcGdeQXVyMTM3OTcxMTc@._V1_UX182_CR0,0,182,268_AL_.jpg</thumbnail>
        </item>

        <item>
        <title>[COLORgoldenrod]Sex, Guaranteed (2017)[/COLOR]</title>
        <link>https://streamango.com/f/pcrenbaalckotcla/18_Sex_Guaranteed_2017_Movies_HDRip_x264_AAC_rDX_mkv_mp4</link>
        <thumbnail>https://images-na.ssl-images-amazon.com/images/M/MV5BMTUyMDM2MTQ4NV5BMl5BanBnXkFtZTgwNjIwOTM5MzI@._V1_UX182_CR0,0,182,268_AL_.jpg</thumbnail>
        </item>

        <item>
        <title>[COLORgoldenrod]The Dark Tower (2017)[/COLOR]</title>
        <link>https://streamango.com/f/trqfpbpnfbbppclp/The_Dark_Tower_2017_720p_BluRay_x264-_YTS_AG_mp4</link>
        <thumbnail>https://images-na.ssl-images-amazon.com/images/M/MV5BMTU3MjUwMzQ3MF5BMl5BanBnXkFtZTgwMjcwNjkxMjI@._V1_UX182_CR0,0,182,268_AL_.jpg</thumbnail>
        </item>

        <item>
        <title>[COLORgoldenrod]A Family Man (2017)[/COLOR]</title>
        <link>https://streamango.com/f/penolmkoqlelksqr/A_Family_Man_2016_720p_BluRay_x264-_YTS_AG_mp4</link>
        <thumbnail>https://images-na.ssl-images-amazon.com/images/M/MV5BYjdkY2MzMGEtNzI5YS00ZDVkLTliZmMtZGMxZDJiMGU2MjIwXkEyXkFqcGdeQXVyMTExNDQ2MTI@._V1_UX182_CR0,0,182,268_AL_.jpg</thumbnail>
        </item>

        <item>
        <title>[COLORgoldenrod]Bring It On Worldwide: Cheersmack (2017)[/COLOR]</title>
        <link>https://streamango.com/f/tcolenacarloascd/Bring_It_On_Worldwide_Cheersmack_2017_720p_BluRay_x264_VPPV_mkv_mp4</link>
        <thumbnail>https://images-na.ssl-images-amazon.com/images/M/MV5BNzYzMDE5Y2YtZjk2OC00YjI0LWIxNTctMGI4N2Y4MzI3ZTZkXkEyXkFqcGdeQXVyNTM3MDMyMDQ@._V1_UY268_CR9,0,182,268_AL_.jpg</thumbnail>
        </item>

        <item>
        <title>[COLORgoldenrod]OtherLife (2017)[/COLOR]</title>
        <link>https://streamango.com/f/trmsoncbktmqepml/OtherLife_2017_HDRip_XViD_AC3-juggs_avi_mp4</link>
        <thumbnail>https://images-na.ssl-images-amazon.com/images/M/MV5BODkyM2ZjMTItOWQzYS00N2Q3LTkxOTAtNWNmZGYzMjUzOWQwXkEyXkFqcGdeQXVyNjEwNTM2Mzc@._V1_UY268_CR147,0,182,268_AL_.jpg</thumbnail>
        </item>

        <item>
        <title>[COLORgoldenrod]The Gaelic King (2016)[/COLOR]</title>
        <link>https://streamango.com/f/ftdoprrbkrpplcsa/The_Gaelic_King_2017_HDRip_XviD_AC3-EVO_avi_mp4</link>
        <thumbnail>https://images-na.ssl-images-amazon.com/images/M/MV5BYzNiZTMzNmItNzJhMC00ZjM3LWI0NTAtMzc3Zjk5NWVkYzY3XkEyXkFqcGdeQXVyNjEyMjUzNzk@._V1_UX182_CR0,0,182,268_AL_.jpg</thumbnail>
        </item>

        <item>
        <title>[COLORgoldenrod]Cars 3 (2017)[/COLOR]</title>
        <link>https://streamango.com/f/fosalblknbrkpbel/Cars_3_2017_720p_WEBRip_x264_AAC-Ozlem_mp4</link>
        <thumbnail>https://images-na.ssl-images-amazon.com/images/M/MV5BMTc0NzU2OTYyN15BMl5BanBnXkFtZTgwMTkwOTg2MTI@._V1_UX182_CR0,0,182,268_AL_.jpg</thumbnail>
        </item>

        <item>
        <title>[COLORgoldenrod]The Last Dragonslayer (2016)[/COLOR]</title>
        <link>https://streamango.com/f/aletmccesafbpaor/The_Last_Dragonslayer_2016_HDTV_x264-FaiLED_mkv_mp4</link>
        <thumbnail>https://images-na.ssl-images-amazon.com/images/M/MV5BOGRkYWJhOWYtNDBmZC00YmVkLWFlOTgtNDU4NzA1NDQ5NzcxL2ltYWdlL2ltYWdlXkEyXkFqcGdeQXVyMjE5MTY0OA@@._V1_UY268_CR43,0,182,268_AL_.jpg</thumbnail>
        </item>

        <item>
        <title>[COLORgoldenrod]Where's The Money (2017)[/COLOR]</title>
        <link>https://streamango.com/f/qoqokdkbpkcqmetk/Wheres_The_Money_2017_Movies_DVDRip_x264_AAC_rDX_mkv_mp4</link>
        <thumbnail>https://images-na.ssl-images-amazon.com/images/M/MV5BMjc5ODQwNzEyMl5BMl5BanBnXkFtZTgwMTk3NzQ1MzI@._V1_UY268_CR4,0,182,268_AL_.jpg</thumbnail>
        </item>

        <item>
        <title>[COLORgoldenrod]Freehold (2016)[/COLOR]</title>
        <link>https://streamango.com/f/plntklbsebaemqle/Freehold_2017_HDRip_XviD_AC3-EVO_avi_mp4</link>
        <thumbnail>https://images-na.ssl-images-amazon.com/images/M/MV5BZDZlMzQ1YzEtOWVhMS00MWQ5LWE2MTYtODVjMWRkYWY3YjE2XkEyXkFqcGdeQXVyMTIxNzk0MTY@._V1_UY268_CR4,0,182,268_AL_.jpg</thumbnail>
        </item>

        <item>
        <title>[COLORgoldenrod]Talon Falls (2017)[/COLOR]</title>
        <link>https://streamango.com/f/ttkmaopaksbskmfe/Talon_Falls_2017_Movies_HDRip_x264_AAC_rDX_mkv_mp4</link>
        <thumbnail>https://images-na.ssl-images-amazon.com/images/M/MV5BMzgzYjBjZDYtMjRlYi00ZDIyLWJlOTctOWFiYTNjZmViZDYwXkEyXkFqcGdeQXVyNTcwMzkyNDE@._V1_UX182_CR0,0,182,268_AL_.jpg</thumbnail>
        </item>

        <item>
        <title>[COLORgoldenrod]Swing Away (2016)[/COLOR]</title>
        <link>https://streamango.com/f/orkecdaaldcrbmna/Swing_Away_2016_HDRip_XviD_AC3-EVO_avi_mp4</link>
        <thumbnail>https://images-na.ssl-images-amazon.com/images/M/MV5BOTczOTViYTEtYWQ0Yy00OWJmLTk3ZjItM2Q3OWY5YmZiYTQxXkEyXkFqcGdeQXVyMTg0MTI3Mg@@._V1_UX182_CR0,0,182,268_AL_.jpg</thumbnail>
        </item>

        <item>
        <title>[COLORgoldenrod]The Playground (2017)[/COLOR]</title>
        <link>https://streamango.com/f/mbccslalmlnlsfcl/The_Playground_2017_Movies_HDRip_x264_AAC_rDX_mkv_mp4</link>
        <thumbnail>https://images-na.ssl-images-amazon.com/images/M/MV5BMjRhNmIzMTYtZWRmYy00YjkwLTg0ZjItZTJiZjZiOTJiZDJiXkEyXkFqcGdeQXVyNTc5ODAzNjM@._V1_UX182_CR0,0,182,268_AL_.jpg</thumbnail>
        </item>

        <item>
        <title>[COLORgoldenrod]Bad Blood The Movie (2016)[/COLOR]</title>
        <link>https://streamango.com/f/eordfkdmorkcnleo/Bad_Blood_The_Movie_2016_HDRip_XviD_AC3-EVO_avi_mp4</link>
        <thumbnail>https://images-na.ssl-images-amazon.com/images/M/MV5BMjIzNjBhMWItODhhOS00Yjk1LWJjNDgtMGM2NTc1NDQ5MzQxXkEyXkFqcGdeQXVyNDg3MTQxOTg@._V1_UX182_CR0,0,182,268_AL_.jpg</thumbnail>
        </item>

        <item>
        <title>[COLORgoldenrod]Bushwick (2017)[/COLOR]</title>
        <link>https://streamango.com/f/rosmrnokkkcklqta/Bushwick_2017_720p_BRRip_850MB_MkvCage_mkv_mp4</link>
        <thumbnail>https://images-na.ssl-images-amazon.com/images/M/MV5BMGQ5Mjc1ZTUtYzVhOS00YWEwLThkYjItNmNhN2ViMDBlZGZlXkEyXkFqcGdeQXVyMzQwMTY2Nzk@._V1_UX182_CR0,0,182,268_AL_.jpg</thumbnail>
        </item>

        <item>
        <title>[COLORgoldenrod]American Gothic (2017)[/COLOR]</title>
        <link>https://streamango.com/f/fkffbmlmfrpkqpra/American_Gothic_2017_720p_BluRay_x264-_YTS_AG_mp4</link>
        <thumbnail>https://images-na.ssl-images-amazon.com/images/M/MV5BMjI2Mzc5Mzg2MV5BMl5BanBnXkFtZTgwNTYyNDkyOTE@._V1_UX182_CR0,0,182,268_AL_.jpg</thumbnail>
        </item>

        <item>
        <title>[COLORgoldenrod]Gremlin (2017)[/COLOR]</title>
        <link>https://streamango.com/f/qakosrbpqdepapsq/gremlin_2017_dvdrip_x264_fragment_mkv_mp4</link>
        <thumbnail>https://images-na.ssl-images-amazon.com/images/M/MV5BY2YwMGZlNmEtYzlkYi00ZDQ2LTlhZjItNTRlZWIxMjU0YTVmXkEyXkFqcGdeQXVyMTUwMzY1MDM@._V1_UY268_CR4,0,182,268_AL_.jpg</thumbnail>
        </item>

        <item>
        <title>[COLORgoldenrod]Lycan (2017)[/COLOR]</title>
        <link>https://streamango.com/f/pbdlelefmmcplrdq/18_Lycan_2017_UNCENSORED_Movies_DVDRip_XviD_AAC_rDX_mkv_mp4</link>
        <thumbnail>https://images-na.ssl-images-amazon.com/images/M/MV5BM2NmZWFlMDUtYzJkNy00MjEzLTlmMDktMGQ3ZjMxNzk2YTBhXkEyXkFqcGdeQXVyNTYxMjk4MA@@._V1_UX182_CR0,0,182,268_AL_.jpg</thumbnail>
        </item>

        <item>
        <title>[COLORgoldenrod]6 Below: Miracle On The Mountain (12017)[/COLOR]</title>
        <link>https://streamango.com/f/tdsfoapdmemonbdp/6_Below_Miracle_on_the_Mountain_2017_720p_WEBRip_700_MB_-_iExTV_mp4</link>
        <thumbnail>https://images-na.ssl-images-amazon.com/images/M/MV5BMTUwMzAxNTU2NV5BMl5BanBnXkFtZTgwOTU5MzUyMzI@._V1_UX182_CR0,0,182,268_AL_.jpg</thumbnail>
        </item>

        <item>
        <title>[COLORgoldenrod]Blood Money (2017)[/COLOR]</title>
        <link>https://streamango.com/f/scaomlnnadknflms/Hotel_Transylvania_2012_720p_BluRay_x264_YIFY_mp4</link>
        <thumbnail>https://images-na.ssl-images-amazon.com/images/M/MV5BNThiMWI0YWMtNWJhYy00ZDc5LTk5OWYtNTgwMTM2NTQ0M2EzXkEyXkFqcGdeQXVyNjQzODc2MDg@._V1_UX182_CR0,0,182,268_AL_.jpg</thumbnail>
        </item>

        <item>
        <title>[COLORgoldenrod]Brawl In Cell Block 99 (2017)[/COLOR]</title>
        <link>https://streamango.com/f/qtcrknpdccbdpsbr/Brawl_in_Cell_Block_99_2017_720p_WEBRip_950_MB_-_iExTV_mp4</link>
        <thumbnail>https://images-na.ssl-images-amazon.com/images/M/MV5BMzQ4MjEyNjg4Nl5BMl5BanBnXkFtZTgwOTY1NDEzMzI@._V1_UX182_CR0,0,182,268_AL_.jpg</thumbnail>
        </item>

        <item>
        <title>[COLORgoldenrod]The Meyerowitz Stories (2017)[/COLOR]</title>
        <link>https://streamango.com/f/mlbtsmfcnscqsbfc/The_Meyerowitz_Stories_New_and_Selected_2017_720p_NF_WEB-DL_900MB_MkvCage_mkv_mp4</link>
        <thumbnail>https://images-na.ssl-images-amazon.com/images/M/MV5BMTY1MTA1MjU4NV5BMl5BanBnXkFtZTgwMTAwMzE2MzI@._V1_UX182_CR0,0,182,268_AL_.jpg</thumbnail>
        </item>

        <item>
        <title>[COLORgoldenrod]The Babysitter (2017)[/COLOR]</title>
        <link>https://streamango.com/f/mrqdpppqpsrrflmq/The_Babysitter_2017_720p_NF_WEB-DL_650MB_MkvCage_mkv_mp4</link>
        <thumbnail>https://images-na.ssl-images-amazon.com/images/M/MV5BMTY0MDUwNzg5OV5BMl5BanBnXkFtZTgwNTY4NjU3MzI@._V1_UX182_CR0,0,182,268_AL_.jpg</thumbnail>
        </item>
		

        <item>
        <title>[COLORgoldenrod]American Made-HC (2017)[/COLOR]</title>
        <link>https://streamango.com/f/erbmaeqborlolasl/American_Made_2017_HC_HDRip_XviD_AC3-EVO_avi_mp4</link>
        <thumbnail>https://images-na.ssl-images-amazon.com/images/M/MV5BMTUxNzUwMjk1Nl5BMl5BanBnXkFtZTgwNDkwODI1MjI@._V1_UX182_CR0,0,182,268_AL_.jpg</thumbnail>
        </item>

        <item>
        <title>[COLORgoldenrod]Cardboard Gangsters (2016)[/COLOR]</title>
        <link>https://streamango.com/f/cdokcnlbklcntkas/Cardboard_Gangsters_2017_HDRip_XviD_AC3-EVO_avi_mp4</link>
        <thumbnail>https://images-na.ssl-images-amazon.com/images/M/MV5BMDNiZjE3YTktNzU0NS00Yzc3LWE3YzgtOGNkM2E0NDg0N2IwXkEyXkFqcGdeQXVyMjk2OTY5NjI@._V1_UX182_CR0,0,182,268_AL_.jpg</thumbnail>
        </item>

        <item>
        <title>[COLORgoldenrod]Escape From Mr Lemoncello's Library (2017)[/COLOR]</title>
        <link>https://streamango.com/f/bqooamaafqqdpkbs/escape_from_mr_lemoncellos_library_2017_hdtv_x264-regret_mkv_mp4</link>
        <thumbnail>https://images-na.ssl-images-amazon.com/images/M/MV5BZGEyYTM4NGQtYzM2Ni00Mjc2LTg3ZWMtYWQ1MWE1MmVmN2M3XkEyXkFqcGdeQXVyOTY2MzE5Mg@@._V1_UX182_CR0,0,182,268_AL_.jpg</thumbnail>
        </item>

        <item>
        <title>[COLORgoldenrod]Gourmet Dective: Eat Drink And Be Buried (2017)[/COLOR]</title>
        <link>https://streamango.com/f/sbdtrardfpoopmpf/Gourmet_Detective_Eat_Drink_and_Be_Buried_2017_720p_HDTV_X264_Solar_mp4</link>
        <thumbnail>https://images-na.ssl-images-amazon.com/images/M/MV5BZDJkYWZjZWEtMjk4Yy00NzU2LThjMTUtZjkwZTdmNjBjYzYzXkEyXkFqcGdeQXVyNDY3NjA4NQ@@._V1_UX182_CR0,0,182,268_AL_.jpg</thumbnail>
        </item>

        <item>
        <title>[COLORgoldenrod]The Layover (2017)[/COLOR]</title>
        <link>https://streamango.com/f/bcqqmclqledskqfl/The_Layover_2017_WEB-DL_x264-FGT_mp4</link>
        <thumbnail>https://images-na.ssl-images-amazon.com/images/M/MV5BOTAyNDgwYzQtZGY1OS00OGM2LWExNTktNDJkMGUzMzdkNmVlXkEyXkFqcGdeQXVyMTM2MzgyOTU@._V1_UX182_CR0,0,182,268_AL_.jpg</thumbnail>
        </item>	

        <item>
        <title>[COLORgoldenrod]The Lego Ninjago Movie-HC (2017)[/COLOR]</title>
        <link>https://streamango.com/f/dfmommeafanacffc/The_Lego_Ninjago_Movie_2017_HC_HDRip_XviD_AC3-EVO_avi_mp4</link>
        <thumbnail>https://images-na.ssl-images-amazon.com/images/M/MV5BMTYxNjIxNzM5Nl5BMl5BanBnXkFtZTgwMzg5NzY2MjI@._V1_UX182_CR0,0,182,268_AL_.jpg</thumbnail>
        </item>			

</items>