<items>
        <item>
        <title>[B][COLORgoldenrod]Latest Releases[/COLOR][/B]</title>
        <link>http://lookingglass.rocks/taquitz/Xml/latest.xml</link>
        <thumbnail>http://www.optionated.com/wp-content/uploads/2012/01/category.NewReleases.jpg</thumbnail>
		<fanart>http://images6.fanpop.com/image/photos/33100000/mad-march-hare-march-hare-33179588-1920-1080.jpg</fanart>
        </item>

        <item>
        <title>[B][COLORred]Freaked Out[/COLOR][/B]</title>
        <link>http://lookingglass.rocks/taquitz/Xml/freak.xml</link>
        <thumbnail>https://introvertami.files.wordpress.com/2014/09/stressed-out11.jpg</thumbnail>
		<fanart>http://images6.fanpop.com/image/photos/33100000/mad-march-hare-march-hare-33179588-1920-1080.jpg</fanart>
        </item>
		       
        <item>
        <title>[B][COLORturquoise]Disney/Pixar [/COLOR][/B]</title>
        <link>http://lookingglass.rocks/taquitz/Xml/pixar.xml</link>
        <thumbnail>https://nerdist.com/wp-content/uploads/2015/06/pixar-movies1.jpg</thumbnail>
		<fanart>http://images6.fanpop.com/image/photos/33100000/mad-march-hare-march-hare-33179588-1920-1080.jpg</fanart>
        </item>
		
        
        <item>
        <title>[B][COLORspringgreen]Movies I Like [/COLOR][/B]</title>
        <link>http://lookingglass.rocks/taquitz/Xml/movies.xml</link>
        <thumbnail>http://www.wigglesdogwigs.com/wp-content/uploads/2017/07/Movies_Logo_500x281.jpg</thumbnail>
		<fanart>http://images6.fanpop.com/image/photos/33100000/mad-march-hare-march-hare-33179588-1920-1080.jpg</fanart>
        </item>

        <item>
        <title>[B][COLORnavajowhite]Tv Shows I Like---Work In Progress[/COLOR][/B]</title>
        <link>http://lookingglass.rocks/taquitz/Xml/tv.xml</link>
        <thumbnail>http://countlessclassics.com/wp-content/uploads/2016/11/Tv-Shows.png</thumbnail>
		<fanart>http://images6.fanpop.com/image/photos/33100000/mad-march-hare-march-hare-33179588-1920-1080.jpg</fanart>
        </item>
		
        <item>
        <title>[B][COLORfuchsia]Requests [/COLOR][/B]</title>
        <link>http://lookingglass.rocks/taquitz/Xml/Requests.xml</link>
        <thumbnail>https://orig00.deviantart.net/a7a6/f/2015/194/8/9/chica_requests_open_stamp_by_ink_cartoon-d9156us.png</thumbnail>
		<fanart>http://images6.fanpop.com/image/photos/33100000/mad-march-hare-march-hare-33179588-1920-1080.jpg</fanart>
        </item>		
	

</items>
