<items>
       <item>
        <title>[COLORspringgreen]Avatar (2009)[/COLOR]</title>
        <link>https://streamango.com/f/kapoodfacnqknedn/Avatar_ECE_2009_720p_BrRip_x264_bitloks_YIFY_mp4</link>
        <thumbnail>https://images-na.ssl-images-amazon.com/images/M/MV5BMTYwOTEwNjAzMl5BMl5BanBnXkFtZTcwODc5MTUwMw@@._V1_UX182_CR0,0,182,268_AL_.jpg</thumbnail>
        </item>
		
       <item>
        <title>[COLORspringgreen]Wonder Woman (2017)[/COLOR]</title>
        <link>https://streamango.com/f/efnenenoqncoeqad/Wonder_Woman_2017_720p_BluRay_x264_VPPV_mkv_mp4</link>
        <thumbnail>https://images-na.ssl-images-amazon.com/images/M/MV5BNDFmZjgyMTEtYTk5MC00NmY0LWJhZjktOWY2MzI5YjkzODNlXkEyXkFqcGdeQXVyMDA4NzMyOA@@._V1_UX182_CR0,0,182,268_AL_.jpg</thumbnail>
        </item>

       <item>
        <title>[COLORspringgreen]Alien Director's Cut (1979)[/COLOR]</title>
        <link>https://streamango.com/f/knnqbeqqeklkltme/Alien_Directors_Cut_1979_1080p_BRrip_x264_GAZ_YIFY_mp4</link>
        <thumbnail>https://images-na.ssl-images-amazon.com/images/M/MV5BNDNhN2IxZWItNGEwYS00ZDNhLThiM2UtODU3NWJlZjBkYjQxXkEyXkFqcGdeQXVyMTQxNzMzNDI@._V1_UY268_CR0,0,182,268_AL_.jpg</thumbnail>
        </item>
		
       <item>
        <title>[COLORspringgreen]Star Wars: The Force Awakens (2015)[/COLOR]</title>
        <link>https://streamango.com/f/tsbrmmmdfmqpfcla/Star_Wars_Episode_VII_The_Force_Awakens_2015_BRRip_XViD_AC3-ETRG_avi_mp4</link>
        <thumbnail>https://images-na.ssl-images-amazon.com/images/M/MV5BOTAzODEzNDAzMl5BMl5BanBnXkFtZTgwMDU1MTgzNzE@._V1_UX182_CR0,0,182,268_AL_.jpg</thumbnail>
        </item>	
				
       <item>
        <title>[COLORspringgreen]The Crow (1994)[/COLOR]</title>
        <link>https://streamango.com/f/dclbtcstlqordqdn/The_Crow_1994_BrRip_720p_x264_YIFY_mkv_mp4ttps://streamango.com/f/rrcbspcmdpptmtqf/Star_Trek_IV_The_Voyage_Home_BluRay_1080p_x264_5_1_Judas_mp4</link>
        <thumbnail>https://images-na.ssl-images-amazon.com/images/M/MV5BM2Y4ZGVhZjItNjU0OC00MDk1LWI4ZTktYTgwMWJkNDE5OTcxXkEyXkFqcGdeQXVyMTQxNzMzNDI@._V1_UX182_CR0,0,182,268_AL_.jpg</thumbnail>
        </item>

       <item>
        <title>[COLORspringgreen]Pulp Fiction (1994)[/COLOR]</title>
        <link>https://streamango.com/f/kntkknmmrnadmmnd/Pulp_Fiction_1994_720p_BrRip_x264_YIFY_mp4</link>
        <thumbnail>https://images-na.ssl-images-amazon.com/images/M/MV5BMTkxMTA5OTAzMl5BMl5BanBnXkFtZTgwNjA5MDc3NjE@._V1_UX182_CR0,0,182,268_AL_.jpg</thumbnail>
        </item>				
		
       <item>
        <title>[COLORspringgreen]Star Trek IV: The Voyage Home (1981)[/COLOR]</title>
        <link>https://streamango.com/f/rrcbspcmdpptmtqf/Star_Trek_IV_The_Voyage_Home_BluRay_1080p_x264_5_1_Judas_mp4</link>
        <thumbnail>https://images-na.ssl-images-amazon.com/images/M/MV5BMGY2MDE2MGQtMjczYi00YTdhLWIzNzktNDk2NzMzZmYwMTJjXkEyXkFqcGdeQXVyMTQxNzMzNDI@._V1_UX182_CR0,0,182,268_AL_.jpg</thumbnail>
        </item>		
		
       <item>
        <title>[COLORspringgreen]The Evil Dead (1981)[/COLOR]</title>
        <link>https://streamango.com/f/rketqddrmrtnedsr/The_Evil_Dead_1981_1080p_BRrip_x264_GAZ_YIFY_mp4</link>
        <thumbnail>https://images-na.ssl-images-amazon.com/images/M/MV5BODc2MmVjZmUtNjAzMS00MDNiLWIyM2YtOGEzMjg0YjRhMzRmXkEyXkFqcGdeQXVyMTQxNzMzNDI@._V1_UX182_CR0,0,182,268_AL_.jpg</thumbnail>
        </item>
				
        <item>
        <title>[B][COLORspringgreen]Hacksaw Ridge (2016)[/COLOR][/B]</title>
        <link>https://streamango.com/f/lkcencmmefsmkmqt/Hacksaw_Ridge_2016_720p_WEB-DL_1GB_MkvCage_mkv</link>
        <thumbnail>https://images-na.ssl-images-amazon.com/images/M/MV5BMjQ1NjM3MTUxNV5BMl5BanBnXkFtZTgwMDc5MTY5OTE@._V1_UX182_CR0,0,182,268_AL_.jpg</thumbnail>
        </item>
		
        <item>
        <title>[B][COLORspringgreen]American Sniper (2014)[/COLOR][/B]</title>
        <link>https://streamango.com/f/efrrqteknopotqls/American_Sniper_2014_720p_BluRay_x264_YIFY_mp4</link>
        <thumbnail>https://image.tmdb.org/t/p/w640/y1UzIs0VdetCt3VTM2g4Le6i19V.jpg</thumbnail>
        </item>		
						
        <item>
        <title>[B][COLORspringgreen]Lone Survivor (2013)[/COLOR][/B]</title>
        <link>http://uptobox.com/9ht1c89lqpl0</link>
        <thumbnail>https://image.tmdb.org/t/p/w185_and_h278_bestv2/c7Sqof18FgkoNcA0r5BFUcPLER1.jpg</thumbnail>		
        </item>	
		
        <item>
        <title>[B][COLORspringgreen]The Book of Eli (2010)[/COLOR][/B]</title>
        <link>https://streamango.com/f/tpfaqnfbpmarsdao/The_Book_of_Eli_2010_BluRay_720p_750MB_Ganool_mkv_mp4</link>
        <thumbnail>https://images-na.ssl-images-amazon.com/images/M/MV5BNTE1OWI1YzgtZjEyMy00MjQ4LWE0NWMtYTNhYjc0ZDQ3ZGRkXkEyXkFqcGdeQXVyNDQ2MTMzODA@._V1_UX182_CR0,0,182,268_AL_.jpg</thumbnail>		
        </item>			
		
       <item>
        <title>[COLORspringgreen]Walking Tall (1973)[/COLOR]</title>
        <link>https://streamango.com/f/norcenkpnmetrffk/Walking_Tall_1973_720p_BluRay_x264_YIFY_mp4</link>
        <thumbnail>https://images-na.ssl-images-amazon.com/images/M/MV5BNmE1NWQ2OGUtZjkyMS00NTQwLWJhYTctOTc3MmI1NGIwMzAwXkEyXkFqcGdeQXVyMjUyNDk2ODc@._V1_UX182_CR0,0,182,268_AL_.jpg</thumbnail>
        </item>		
	
       <item>
        <title>[COLORspringgreen]Source Code (2011)[/COLOR]</title>
        <link>https://streamango.com/f/mckemlfneakpfpqn/Source_Code_2011_1080p_BrRip_x264_1_16GB_YIFY_mp4</link>
        <thumbnail>https://images-na.ssl-images-amazon.com/images/M/MV5BMTY0MTc3MzMzNV5BMl5BanBnXkFtZTcwNDE4MjE0NA@@._V1_UX182_CR0,0,182,268_AL_.jpg</thumbnail>
        </item>

		<item>
        <title>[COLORcyan]---------Tahquitz@HWWTN--------- [/COLOR]</title>
        <link></link>
        <thumbnail></thumbnail>
        </item>			
		
       <item>
        <title>[COLORspringgreen]Leon: The Professional (1994)[/COLOR]</title>
        <link>https://streamango.com/f/tcdlopeeapbdofao/Leon_the_Professional_Extended_1994_720p_BrRip_x264_YIFY_mp4</link>
        <thumbnail>https://images-na.ssl-images-amazon.com/images/M/MV5BZDAwYTlhMDEtNTg0OS00NDY2LWJjOWItNWY3YTZkM2UxYzUzXkEyXkFqcGdeQXVyNTA4NzY1MzY@._V1_UY268_CR4,0,182,268_AL_.jpg</thumbnail>
        </item>		
		
       <item>
        <title>[COLORspringgreen]The Girl With The Dragon Tattoo (2011)[/COLOR]</title>
        <link>https://streamango.com/f/caklbetprcfaetro/The_Girl_With_The_Dragon_Tattoo_2011_720p_BluRay_x264_YIFY_mp4</link>
        <thumbnail>https://images-na.ssl-images-amazon.com/images/M/MV5BMTczNDk4NTQ0OV5BMl5BanBnXkFtZTcwNDAxMDgxNw@@._V1_UX182_CR0,0,182,268_AL_.jpg</thumbnail>
        </item>
		
       <item>
        <title>[COLORspringgreen]The Silence of The Lambs (1991)[/COLOR]</title>
        <link>https://streamango.com/f/ponpmqsdlqdrpant/The_Silence_Of_The_Lambs_1991_1080p_BluRay_X264_YIFY_mp4</link>
        <thumbnail>https://images-na.ssl-images-amazon.com/images/M/MV5BNjNhZTk0ZmEtNjJhMi00YzFlLWE1MmEtYzM1M2ZmMGMwMTU4XkEyXkFqcGdeQXVyNjU0OTQ0OTY@._V1_UX182_CR0,0,182,268_AL_.jpg</thumbnail>
        </item>	

       <item>
        <title>[COLORspringgreen]The Dark Knight (2008)[/COLOR]</title>
        <link>https://streamango.com/f/tbsdmdkkskqrdrlf/Batman_The_Dark_Knight_2008_1080p_BluRay_x264_YIFY_mp4</link>
        <thumbnail>https://images-na.ssl-images-amazon.com/images/M/MV5BMTMxNTMwODM0NF5BMl5BanBnXkFtZTcwODAyMTk2Mw@@._V1._SX40_CR0,0,40,54_.jpg</thumbnail>
        </item>			
	
       <item>
        <title>[COLORspringgreen]The Dark Knight Rises (2012)[/COLOR]</title>
        <link>https://streamango.com/f/sedelnampnllolol/The_Dark_Knight_Rises_2012_1080p_BluRay_x264_YIFY_mp4</link>
        <thumbnail>https://images-na.ssl-images-amazon.com/images/M/MV5BMTk4ODQzNDY3Ml5BMl5BanBnXkFtZTcwODA0NTM4Nw@@._V1_UX182_CR0,0,182,268_AL_.jpg</thumbnail>
        </item>	
	
       <item>
        <title>[COLORspringgreen]Natural Born Killers (1994)[/COLOR]</title>
        <link>https://streamango.com/f/qadoekfsbardloea/Natural_Born_Killers_1994_720p_BluRay_x264_YIFY_mp4</link>
        <thumbnail>https://images-na.ssl-images-amazon.com/images/M/MV5BMTI2NTU2Nzc0MV5BMl5BanBnXkFtZTcwMzY1OTM2MQ@@._V1_UX182_CR0,0,182,268_AL_.jpg</thumbnail>
        </item>	
		
       <item>
        <title>[COLORspringgreen]The Green Mile (1974)[/COLOR]</title>
        <link>https://streamango.com/f/abdoeafrqppllqqs/The_Green_Mile_1999_720p_BrRip_x264_YIFY_mp4</link>
        <thumbnail>https://images-na.ssl-images-amazon.com/images/M/MV5BMTUxMzQyNjA5MF5BMl5BanBnXkFtZTYwOTU2NTY3._V1_UX182_CR0,0,182,268_AL_.jpg</thumbnail>
        </item>
	
       <item>
        <title>[COLORspringgreen]The Texas Chainsaw Massacre (1974)[/COLOR]</title>
        <link>https://streamango.com/f/tlotfeafdqreftmp/The_Texas_Chain_Saw_Massacre_1974_1080p_BluRay_H264_AAC-RARBG_mp4</link>
        <thumbnail>https://images-na.ssl-images-amazon.com/images/M/MV5BZDI3OWE0ZWMtNGJjOS00N2E4LWFiOTAtZjQ4OTNiNzIwN2NkXkEyXkFqcGdeQXVyMTQxNzMzNDI@._V1_UX182_CR0,0,182,268_AL_.jpg</thumbnail>
        </item>		
	
       <item>
        <title>[COLORspringgreen]The Texas Chainsaw Massacre (1974)[/COLOR]</title>
        <link>https://streamango.com/f/tlotfeafdqreftmp/The_Texas_Chain_Saw_Massacre_1974_1080p_BluRay_H264_AAC-RARBG_mp4</link>
        <thumbnail>https://images-na.ssl-images-amazon.com/images/M/MV5BZDI3OWE0ZWMtNGJjOS00N2E4LWFiOTAtZjQ4OTNiNzIwN2NkXkEyXkFqcGdeQXVyMTQxNzMzNDI@._V1_UX182_CR0,0,182,268_AL_.jpg</thumbnail>
        </item>				
	
	</items>