<items>
        <item>
        <title>[B][COLORturquoise]Cars 3 (2017)[/COLOR][/B]</title>
        <link>https://streamango.com/f/fosalblknbrkpbel/Cars_3_2017_720p_WEBRip_x264_AAC-Ozlem_mp4</link>
        <thumbnail>https://images-na.ssl-images-amazon.com/images/M/MV5BMTc0NzU2OTYyN15BMl5BanBnXkFtZTgwMTkwOTg2MTI@._V1_UX182_CR0,0,182,268_AL_.jpg</thumbnail>
        </item>		

        <item>
        <title>[B][COLORturquoise]Finding Dory (2016)[/COLOR][/B]</title>
        <link>https://streamango.com/f/aosrekrctmsprdab/Finding_Dory_2016_1080p_BluRay_x264-_YTS_AG_mp4</link>
        <thumbnail>https://image.tmdb.org/t/p/w185_and_h278_bestv2/z09QAf8WbZncbitewNk6lKYMZsh.jpg</thumbnail>
        </item>
        
        <item>
        <title>[B][COLORturquoise]Moana (2016) [/COLOR][/B]</title>
        <link>https://streamango.com/f/dfocqbdmpbbcaefd/Moana_2016_1080p_BluRay_x264_DTS-JYK_mkv_mp4</link>
        <thumbnail>https://image.tmdb.org/t/p/w185_and_h278_bestv2/z4x0Bp48ar3Mda8KiPD1vwSY3D8.jpg</thumbnail>
        </item>

        <item>
        <title>[B][COLORturquoise]Inside Out (2015)[/COLOR][/B]</title>
        <link>https://streamango.com/f/bkqanflacapttdde/Inside_Out_2015_1080p_BluRay_x264_YIFY_mp4</link>
        <thumbnail>https://image.tmdb.org/t/p/w185_and_h278_bestv2/aAmfIX3TT40zUHGcCKrlOZRKC7u.jpg</thumbnail>
        </item>
		
        <item>
        <title>[B][COLORturquoise]The Good Dinosaur (2015)[/COLOR][/B]</title>
        <link>https://streamango.com/f/mrtndbesrtbqkenf/The_Good_Dinosaur_2015_1080p_BluRay_x264_DTS-JYK_mkv_mp4</link>
        <thumbnail>https://image.tmdb.org/t/p/w185_and_h278_bestv2/2ZckiMTfSkCep2JTtZbr73tnQbN.jpg</thumbnail>
        </item>		
		
        <item>
        <title>[B][COLORturquoise]Big Hero 6 (2014)[/COLOR][/B]</title>
        <link>https://streamango.com/f/qrpldtotnfqkqdep/Big_Hero_6_2014_1080p_BluRay_x264_YIFY_mp4</link>
        <thumbnail>https://image.tmdb.org/t/p/w185_and_h278_bestv2/9gLu47Zw5ertuFTZaxXOvNfy78T.jpg</thumbnail>
        </item>
		
        <item>
        <title>[B][COLORturquoise]Tinkerbell and The Legend Of The The Neverbeast (2014)[/COLOR][/B]</title>
        <link>https://streamango.com/f/trkplqtlflokbptr/Tinker_Bell_and_the_Legend_of_the_NeverBeast_2014_1080p_BluRay_x264_YIFY_mp4</link>
        <thumbnail>https://image.tmdb.org/t/p/w185_and_h278_bestv2/lKNYRlJ9jJAPU7yNYU0qTSQ4AYa.jpg</thumbnail>
        </item>			
		
        <item>
        <title>[B][COLORturquoise]The Pirate Fairy (2014)[/COLOR][/B]</title>
        <link>https://streamango.com/f/abdnspncremlenem/The_Pirate_Fairy_2014_1080p_BluRay_x264_YIFY_mp4</link>
        <thumbnail>https://image.tmdb.org/t/p/w185_and_h278_bestv2/7pTcejxx8f0Xlw3WEmdg1lNnHrP.jpg</thumbnail>
        </item>			
		
        <item>
        <title>[B][COLORturquoise]Planes Fire And Rescue (2014)[/COLOR][/B]</title>
        <link>https://streamango.com/f/kmtlepnssncnpmkk/Planes_Fire_and_Rescue_2014_1080p_BluRay_x264_YIFY_mp4</link>
        <thumbnail>https://image.tmdb.org/t/p/w185_and_h278_bestv2/b5Xn7UQf7s6ZPsDTVT0NeLqiiHY.jpg</thumbnail>
        </item>		

        <item>
        <title>[B][COLORturquoise]Frozen (2013)[/COLOR][/B]</title>
        <link>https://streamango.com/f/mnclmrrrbkbnrfko/Frozen_2013_1080p_BluRay_x264_YIFY_mp4</link>
        <thumbnail>https://image.tmdb.org/t/p/w185_and_h278_bestv2/jIjdFXKUNtdf1bwqMrhearpyjMj.jpg</thumbnail>
        </item>
        
        <item>
        <title>[B][COLORturquoise]Monsters University (2013) [/COLOR][/B]</title>
        <link>https://streamango.com/f/afbanfcemmottrlk/Monsters_University_2013_1080p_BluRay_x264_YIFY_mp4</link>
        <thumbnail>https://image.tmdb.org/t/p/w185_and_h278_bestv2/a05xQU9huY3P5uurLcGGHmsf2Vh.jpg</thumbnail>
        </item>

        <item>
        <title>[B][COLORturquoise]Planes (2013)[/COLOR][/B]</title>
        <link>https://streamango.com/f/rokafnsbndbtmbtl/Planes_2013_720p_BluRay_x264_YIFY_mp4</link>
        <thumbnail>https://image.tmdb.org/t/p/w185_and_h278_bestv2/c8ALtmmmtofVYOxSJG0S5ZcP2pF.jpg</thumbnail>
        </item>
		
        <item>
        <title>[B][COLORturquoise]Brave (2012)[/COLOR][/B]</title>
        <link>https://streamango.com/f/kprpppmeprnqromf/Brave_2012_1080p_BRrip_x264_YIFY_mp4</link>
        <thumbnail>https://image.tmdb.org/t/p/w185_and_h278_bestv2/qhABv2d4NZLhsOOA4iBFM4rfuJC.jpg</thumbnail>
        </item>

        <item>
        <title>[B][COLORturquoise]Tinkerbell Secret of the Wings (2012)[/COLOR][/B]</title>
        <link>https://streamango.com/f/aptcqqrdrrkftmoe/Tinker_Bell_Secret_of_the_Wings_2012_720p_BluRay_x264_YIFY_mp4</link>
        <thumbnail>https://image.tmdb.org/t/p/w185_and_h278_bestv2/4oBoAsIGEw9z4R5XqhtuVmpznGk.jpg</thumbnail>
        </item>		
		
        <item>
        <title>[B][COLORturquoise]Cars 2 (2011)[/COLOR][/B]</title>
        <link> https://streamango.com/f/foqambanmamnmpqe/Cars_2_2011_720p_BrRip_264_YIFY</link>
        <thumbnail>https://image.tmdb.org/t/p/w185_and_h278_bestv2/AblhtULOVtrkSnFxRPQ8gBemxw9.jpg</thumbnail>
        </item>	

        <item>
        <title>[B][COLORturquoise]Gnomeo and Juliet (2011)[/COLOR][/B]</title>
        <link>https://streamango.com/f/mnfmkaomcmtmespb/Gnomeo_and_Juliet_720p_BluRay_x264_YIFY_mkv_mp4</link>
        <thumbnail>https://image.tmdb.org/t/p/w185_and_h278_bestv2/atCBHTqq7khw5Z1KSVXDo6ncKWF.jpg</thumbnail>
        </item>		

        <item>
        <title>[B][COLORturquoise]Tangled (2010)[/COLOR][/B]</title>
        <link>https://streamango.com/f/nkcoamosrbekpmbm/Tangled_2010_1080p_BluRay_x264_YIFY_mp4</link>
        <thumbnail>https://image.tmdb.org/t/p/w185_and_h278_bestv2/re6AOJbhBk9FIK3knwU6rYlbPDx.jpg</thumbnail>
        </item>
		
        <item>
        <title>[B][COLORturquoise]Toy Story 3 (2010)[/COLOR][/B]</title>
        <link>https://streamango.com/f/ecctllqltklodoel/Toy_Story_3_2010_1080p_BRrip_x264_YIFY_mp4</link>
        <thumbnail>https://image.tmdb.org/t/p/w185_and_h278_bestv2/mMltbSxwEdNE4Cv8QYLpzkHWTDo.jpg</thumbnail>
        </item>		

        <item>
        <title>[B][COLORturquoise]Up (2009)[/COLOR][/B]</title>
        <link>https://streamango.com/f/emocbdotmmlborkq/Up_2009_1080p_BluRay_x264_YIFY_mp4</link>
        <thumbnail>https://image.tmdb.org/t/p/w185_and_h278_bestv2/nk11pvocdb5zbFhX5oq5YiLPYMo.jpg</thumbnail>
        </item>
		
        <item>
        <title>[B][COLORturquoise]Tinkerbell and the Lost Treasure (2009) [/COLOR][/B]</title>
        <link>https://streamango.com/f/madmtrdberedpqkr/Tinker_Bell_And_The_Lost_Treasure_2009_720p_BRrip_x264_GAZ_YIFY_mp4</link>
        <thumbnail>https://image.tmdb.org/t/p/w185_and_h278_bestv2/c695u6KN4E42DMbzzvq3UHLI47S.jpg</thumbnail>
        </item>

        <item>
        <title>[B][COLORturquoise]The Princess and the Frog (2009) [/COLOR][/B]</title>
        <link>https://streamango.com/f/ftdenktsdsnprnam/The_Princess_and_the_Frog_2009_1080p_BrRip_x264_YIFY_mp4</link>
        <thumbnail>https://image.tmdb.org/t/p/w185_and_h278_bestv2/bVRHirC6uIZL9VtRqYRxdedYnOG.jpg</thumbnail>
        </item>		
        
        <item>
        <title>[B][COLORturquoise]Bolt (2008) [/COLOR][/B]</title>
        <link>https://streamango.com/f/dekqkpaeokfnpoqa/Bolt_2008_1080p_BluRay_x264_YIFY_mp4</link>
        <thumbnail>https://image.tmdb.org/t/p/w185_and_h278_bestv2/pGA75RbbIDXlUJtzJogAtS0KyxL.jpg</thumbnail>
        </item>

        <item>
        <title>[B][COLORturquoise]Wall-E (2008)[/COLOR][/B]</title>
        <link>https://streamango.com/f/csmekqoqpabcnmcq/WALL-E_2008_1080p_BrRip_x264_YIFY_mp4</link>
        <thumbnail>https://image.tmdb.org/t/p/w185_and_h278_bestv2/9cJETuLMc6R0bTWRA5i7ctY9bxk.jpg</thumbnail>
        </item>
		
        <item>
        <title>[B][COLORturquoise]Tinkerbell (2008)[/COLOR][/B]</title>
        <link>https://streamango.com/f/lbcoodtpfoconptd/Tinker_Bell_2008_720p_BRrip_x264_GAZ_YIFY_mp44</link>
        <thumbnail>https://image.tmdb.org/t/p/w185_and_h278_bestv2/dx9FiWtcY4u5Kla6Cetw1a6W2qK.jpg</thumbnail>
        </item>		
		
        <item>
        <title>[B][COLORturquoise]Ratatouille (2007)[/COLOR][/B]</title>
        <link>https://streamango.com/f/toacnrbsrcqkkqpt/Ratatouille_2007_1080p_BrRip_x264_YIFY_mp4</link>
        <thumbnail>https://image.tmdb.org/t/p/w185_and_h278_bestv2/jEiEU8viSb8CIIHcfprVr2V6XDz.jpg</thumbnail>
        </item>					
		
        <item>
        <title>[B][COLORturquoise]Meet The Robinsons (2007)[/COLOR][/B]</title>
        <link>https://streamango.com/f/prknoelcpmclktbq/Meet_The_Robinsons_2007_1080p_BRrip_x264_YIFY_mp4</link>
        <thumbnail>https://image.tmdb.org/t/p/w185_and_h278_bestv2/oe7w9SxGmpSW1dlz5QaVVKWBEVz.jpg</thumbnail>
        </item>
		
        <item>
        <title>[B][COLORturquoise]Disney Princess Enchanted Tales: Follow Your Dreams (2007)[/COLOR][/B]</title>
        <link>https://streamango.com/f/ntkckeneelkbaocd/2007_-_Disney_Princess_Enchanted_Tales_-_Follow_Your_Dreams_avi_mp4_mp4</link>
        <thumbnail>https://image.tmdb.org/t/p/w185_and_h278_bestv2/wNICRWoqzINXFQ1cK1RHQG5dqui.jpg</thumbnail>
        </item>			
		
        <item>
        <title>[B][COLORturquoise]Cars (2006)[/COLOR][/B]</title>
        <link>https://streamango.com/f/bmnskaaqlbpcbnpe/Cars_2006_720p_BrRip_x264_YIFY_mp4</link>
        <thumbnail>https://image.tmdb.org/t/p/w185_and_h278_bestv2/5damnMcRFKSjhCirgX3CMa88MBj.jpg</thumbnail>
        </item>	
		
        <item>
        <title>[B][COLORturquoise]Bambi II (2006)[/COLOR][/B]</title>
        <link>https://streamango.com/f/bscmkkptlftmpasa/2006_-_Bambi_II_avi_mp4_mp4</link>
        <thumbnail>https://image.tmdb.org/t/p/w185_and_h278_bestv2/vYqfG1SfpT4lJ5NXsNHY2otIfbt.jpg</thumbnail>
        </item>		

        <item>
        <title>[B][COLORturquoise]Valiant (2005)[/COLOR][/B]</title>
        <link>https://streamango.com/f/rfsrlkpnnoboreeq/Valiant_2005_720p_BRRip_x264_AAC_-_Ozlem_mp4</link>
        <thumbnail>https://image.tmdb.org/t/p/w185_and_h278_bestv2/sqL1X8InstIQralJt78tW3yX9zj.jpg</thumbnail>
        </item>			

        <item>
        <title>[B][COLORturquoise]Chicken Little (2005)[/COLOR][/B]</title>
        <link>https://streamango.com/f/sprmdlfbrdcmqsqk/Chicken_Little_2005_720p_BRRip_-_zeberzee_mp4</link>
        <thumbnail>https://image.tmdb.org/t/p/w185_and_h278_bestv2/iLMALbInUmbNn1tHmxJEWm5MyjP.jpg</thumbnail>
        </item>		

        <item>
        <title>[B][COLORturquoise]The Incredibles (2004)[/COLOR][/B]</title>
        <link>https://streamango.com/f/sfnbkptbaateffbk/The_Incredibles_2004_1080p_BluRay_AC3_x264-ETRG_mkv_mp4</link>
        <thumbnail>https://image.tmdb.org/t/p/w185_and_h278_bestv2/huGDgQRB24IzkJLNqe5zq1pdvEE.jpg</thumbnail>
        </item>
		
        <item>
        <title>[B][COLORturquoise]Home On The Range (2004)[/COLOR][/B]</title>
        <link>https://streamango.com/f/bpbobarqkcopkkes/Home_on_the_Range_2004_720p_BluRay_x264_YIFY_mp4</link>
        <thumbnail>https://image.tmdb.org/t/p/w185_and_h278_bestv2/1KFa2Mzzn2DMlC95eJwRYgRsHI.jpg</thumbnail>
        </item>		
        
        <item>
        <title>[B][COLORturquoise]Nemo (2003) [/COLOR][/B]</title>
        <link>https://streamango.com/f/tnpktqfmbpffkqtl/Finding_Nemo_2003_1080p_BluRay_x264_YIFY_mp4</link>
        <thumbnail>https://image.tmdb.org/t/p/w185_and_h278_bestv2/syPWyeeqzTQIxjIUaIFI7d0TyEY.jpg</thumbnail>
        </item>
		
        <item>
        <title>[B][COLORturquoise]Brother Bear (2003) [/COLOR][/B]</title>
        <link>https://streamango.com/f/ebeaeqldfallsrqe/Brother_Bear_2003_1080p_BluRay_X264-AMIABLE_mkv_mp4</link>
        <thumbnail>https://image.tmdb.org/t/p/w185_and_h278_bestv2/otptPbEY0vBostmo95xwiiumMJm.jpg</thumbnail>
        </item>	

        <item>
        <title>[B][COLORturquoise]Jungle Book 2 (2003) [/COLOR][/B]</title>
        <link>	https://streamango.com/f/ofmkkkblraeflnnr/The_Jungle_Book_2_2003_1080p_BluRay_x264-_YTS_AG_mp4</link>
        <thumbnail>https://image.tmdb.org/t/p/w185_and_h278_bestv2/1RuSouDN1hiIpVQrGlkmKFpNqKd.jpg</thumbnail>
        </item>			

        <item>
        <title>[B][COLORturquoise]Lilo and Stitch (2002)[/COLOR][/B]</title>
        <link>https://streamango.com/f/ttffcoatppmmdlak/Lilo_and_Stitch_2002_1080p_BluRay_x264_YIFY_mp4</link>
        <thumbnail>https://image.tmdb.org/t/p/w185_and_h278_bestv2/tVaEulzowKhMhDvHNNYb9rNEZPB.jpg</thumbnail>
        </item>
		
        <item>
        <title>[B][COLORturquoise]Return To Neverland (2002)[/COLOR][/B]</title>
        <link>https://streamango.com/f/mkoeqprtfmkabmsl/Return_to_Never_Land_2002_720p_BluRay_DTS_x264-TayTO_mkv_mp4</link>
        <thumbnail>https://image.tmdb.org/t/p/w185_and_h278_bestv2/b5IyizEBveh2ZE2SEo9O4sJ4CHi.jpg</thumbnail>
        </item>	

        <item>
        <title>[B][COLORturquoise]Cinderella II: Dreams Come True (2002)[/COLOR][/B]</title>
        <link>https://streamango.com/f/mpraerqqsbltcpbn/Cinderella_II_Dreams_Come_True_2002_1080p_BluRay_Multi_DTS_HQ_Subs_mkv_mp4</link>
        <thumbnail>https://image.tmdb.org/t/p/w185_and_h278_bestv2/36nD4aDvoFMewiHBnIcGo3vVcd6.jpg</thumbnail>
        </item>			
		
        <item>
        <title>[B][COLORturquoise]Treasure Planet (2001)[/COLOR][/B]</title>
        <link>https://streamango.com/f/rdfdfctpmnedpmcb/Treasure_Planet_2002_1080p_BluRay_x264_YIFY_mp4</link>
        <thumbnail>https://image.tmdb.org/t/p/w185_and_h278_bestv2/yfcoA7q9n852yVnYa0VcAchgA72.jpg</thumbnail>
        </item>			
		
        <item>
        <title>[B][COLORturquoise]Monsters Inc (2001)[/COLOR][/B]</title>
        <link>https://streamango.com/f/tpbbkpftbftqcoqa/Monsters_Inc_2001_1080p_BrRip_x264_YIFY_mp4</link>
        <thumbnail>https://image.tmdb.org/t/p/w185_and_h278_bestv2/93Y9BGx8blzmZOPSoivkFfaifqU.jpg</thumbnail>
        </item>	

        <item>
        <title>[B][COLORturquoise]The Tigger Movie (2000)[/COLOR][/B]</title>
        <link>https://streamango.com/f/aetqqbolafckdscp/The_Tigger_Movie_2000_BluRay_720p_x264_600MB_Ganool_-XpoZ_mkv_mp4</link>
        <thumbnail>https://image.tmdb.org/t/p/w185_and_h278_bestv2/qhiNJzT2IbK9MkMVQFr0Jk4Pj8h.jpg</thumbnail>
        </item>	

        <item>
        <title>[B][COLORturquoise]The Emperor"s New Groove (2000)[/COLOR][/B]</title>
        <link>https://streamango.com/f/rnpttnfensladbsr/The_Emperors_New_Groove_2000_1080p_BluRay_x264_YIFY_mp4</link>
        <thumbnail>https://image.tmdb.org/t/p/w185_and_h278_bestv2/klhsrqyhvFaoM6Rwjo9dFPYJQSK.jpg</thumbnail>
        </item>		
		
        <item>
        <title>[B][COLORturquoise]Toy Story 2 (1999)[/COLOR][/B]</title>
        <link>https://streamango.com/f/fncoptsbbaqknqkr/Toy_Story_2_1999_1080p_BRrip_x264_YIFY_mp4</link>
        <thumbnail>https://image.tmdb.org/t/p/w185_and_h278_bestv2/3CmK3XurcLeUyMifCR28ibzupbB.jpg</thumbnail>
        </item>
		
       <item>
        <title>[B][COLORturquoise]Fantasia 2000 (1999)[/COLOR][/B]</title>
        <link>https://streamango.com/f/qeoqqolafsmfodsl/Fantasia_2000_1999_1080p_BluRay_x264-_YTS_AG_mp4</link>
        <thumbnail>https://image.tmdb.org/t/p/w185_and_h278_bestv2/5rwAtUaKEK48CPUijVfVU0IPKPZ.jpg</thumbnail>
        </item>		
				
        <item>
        <title>[B][COLORturquoise]A Bug's Life (1998)[/COLOR][/B]</title>
        <link>https://streamango.com/f/rqfplpqabmktttef/A_Bugs_Life_1998_720p_BluRay_DL_mkv_mp4</link>
        <thumbnail>https://image.tmdb.org/t/p/w185_and_h278_bestv2/u9qGMRwcPwP0WETxulS5hKUsEum.jpg</thumbnail>
        </item>

        <item>
        <title>[B][COLORturquoise]Winnie The Pooh's Most Excellent Adventure (1997)[/COLOR][/B]</title>
        <link>https://streamango.com/f/accctrmfnfratkld/1997_-_Winnie_The_Pooh_s_Most_Grand_Adventure_avi_mp4</link>
        <thumbnail>https://image.tmdb.org/t/p/w185_and_h278_bestv2/hFr8o9AYK5u1rGOqM46vgYUXXMX.jpg</thumbnail>
        </item>	

        <item>
        <title>[B][COLORturquoise]The Hunchback of Notre Dame (1996)[/COLOR][/B]</title>
        <link>	https://streamango.com/f/asllkqnsmcmrpmbp/The_Hunchback_Of_Notre_Dame_1996_720p_BRrip_x264_GAZ_YIFY_mp4</link>
        <thumbnail>https://image.tmdb.org/t/p/w185_and_h278_bestv2/gpMXF2Bp7GHTT8GbMgf7yuBEyuV.jpg</thumbnail>
        </item>			
		
        <item>
        <title>[B][COLORturquoise]Toy Story (1995)[/COLOR][/B]</title>
        <link>https://streamango.com/f/sfodndalrdlkdoon/Toy_Story_1995_1080p_BRrip_x264_YIFY_mp4</link>
        <thumbnail>https://image.tmdb.org/t/p/w185_and_h278_bestv2/rhIRbceoE9lR4veEXuwCC2wARtG.jpg</thumbnail>
        </item>				
	

</items>