<items>	
       <item>
        <title>[COLORfuchsia]Trolls (2016) [/COLOR]</title>
        <link>https://streamango.com/f/drrosqarrnpqknbl/Trolls_2016_720p_WEBRip_x264_AAC-ETRG_mp4</link>
        <thumbnail>https://image.tmdb.org/t/p/w185_and_h278_bestv2/zKu5MNy9QW1a5ZHgv7iAp3kRZpE.jpg</thumbnail>
        </item>
		
        <item>
        <title>[COLORfuchsia]Trolls Holiday (2017)[/COLOR]</title>
		<link>https://streamango.com/f/epfeptelpdsbepno/Trolls_Holiday_2017_HDRip_XviD_AC3-EVO_avi_mp4</link>
        <thumbnail>https://images-na.ssl-images-amazon.com/images/M/MV5BM2Q4ZjA4YjctYjVlZi00YTg3LWEwOTQtZGY3MGMyYTgzOTkwXkEyXkFqcGdeQXVyNTM3MDMyMDQ@._V1_UY268_CR9,0,182,268_AL_.jpg</thumbnail>
       </item>
	   
</items>     