<items>
       <item>
        <title>[COLORnavajowhite]S01 Part I [/COLOR]</title>
        <link>https://streamango.com/f/rtqqncfkdnqffcpb/The_Sinner_S01E01_HDTV_x264-SVA_ettv_mkv_mp4</link>
        <thumbnail>https://images-na.ssl-images-amazon.com/images/M/MV5BMjExMjcxMjM3OV5BMl5BanBnXkFtZTgwMTUwODQwMzI@._V1_UX182_CR0,0,182,268_AL_.jpg</thumbnail>
        </item>
		
       <item>
        <title>[COLORnavajowhite]S01 E02 Part II [/COLOR]</title>
        <link>https://streamango.com/f/kncoltbkpbkqtaac/The_Sinner_S01E02_HDTV_x264-SVA_ettv_mkv_mp4</link>
        <thumbnail>https://images-na.ssl-images-amazon.com/images/M/MV5BMjExMjcxMjM3OV5BMl5BanBnXkFtZTgwMTUwODQwMzI@._V1_UX182_CR0,0,182,268_AL_.jpg</thumbnail>
        </item>	
		
       <item>
        <title>[COLORnavajowhite]S01 E03 Part III [/COLOR]</title>
        <link>https://streamango.com/f/cqklkpdolftaeefr/The_Sinner_S01E03_HDTV_x264-SVA_ettv_mkv_mp4</link>
        <thumbnail>https://images-na.ssl-images-amazon.com/images/M/MV5BMjExMjcxMjM3OV5BMl5BanBnXkFtZTgwMTUwODQwMzI@._V1_UX182_CR0,0,182,268_AL_.jpg</thumbnail>
        </item>
		
       <item>
        <title>[COLORnavajowhite]S01 E04 Part IV [/COLOR]</title>
        <link>https://streamango.com/f/nkrqcfdlcbftrlqt/The_Sinner_S01E04_HDTV_x264-SVA_mkv_mp4</link>
        <thumbnail>https://images-na.ssl-images-amazon.com/images/M/MV5BMjExMjcxMjM3OV5BMl5BanBnXkFtZTgwMTUwODQwMzI@._V1_UX182_CR0,0,182,268_AL_.jpg</thumbnail>
        </item>	

		<item>
        <title>[COLORcyan]---------Tahquitz@HWWTN--------- [/COLOR]</title>
        <link></link>
        <thumbnail>https://images-na.ssl-images-amazon.com/images/M/MV5BMjExMjcxMjM3OV5BMl5BanBnXkFtZTgwMTUwODQwMzI@._V1_UX182_CR0,0,182,268_AL_.jpg</thumbnail>
        </item>	
		
       <item>
        <title>[COLORnavajowhite]S01 E05 Part V [/COLOR]</title>
        <link>https://streamango.com/f/pkfbtbrnsealanqd/The_Sinner_S01E05_HDTV_x264-FLEET_mkv_mp4</link>
        <thumbnail>https://images-na.ssl-images-amazon.com/images/M/MV5BMjExMjcxMjM3OV5BMl5BanBnXkFtZTgwMTUwODQwMzI@._V1_UX182_CR0,0,182,268_AL_.jpg</thumbnail>
        </item>
		
       <item>
        <title>[COLORnavajowhite]S01 E06 Part VI [/COLOR]</title>
        <link>https://streamango.com/f/aqnpsmtsqeldefte/The_Sinner_S01E06_XviD-AFG_avi_mp4</link>
        <thumbnail>https://images-na.ssl-images-amazon.com/images/M/MV5BMjExMjcxMjM3OV5BMl5BanBnXkFtZTgwMTUwODQwMzI@._V1_UX182_CR0,0,182,268_AL_.jpg</thumbnail>
        </item>	
		
       <item>
        <title>[COLORnavajowhite]S01 E07 Part VII [/COLOR]</title>
        <link>https://streamango.com/f/aqfnbsrlpapecptl/The_Sinner_S01E07_HDTV_x264-SVA_ettv_mkv_mp4</link>
        <thumbnail>https://images-na.ssl-images-amazon.com/images/M/MV5BMjExMjcxMjM3OV5BMl5BanBnXkFtZTgwMTUwODQwMzI@._V1_UX182_CR0,0,182,268_AL_.jpg</thumbnail>
        </item>
		
       <item>
        <title>[COLORnavajowhite]S01 E08 Part VIII [/COLOR]</title>
        <link>https://streamango.com/f/lqrsrkpqaoepeeeb/The_Sinner_S01E08_HDTV_x264-SVA_ettv_mkv_mp4</link>
        <thumbnail>https://images-na.ssl-images-amazon.com/images/M/MV5BMjExMjcxMjM3OV5BMl5BanBnXkFtZTgwMTUwODQwMzI@._V1_UX182_CR0,0,182,268_AL_.jpg</thumbnail>
        </item>	
		
		
</items>
