<items>
	   <item>
        <title>[COLORnavajowhite]American Gods (2017)[/COLOR]</title>
        <link>http://lookingglass.rocks/taquitz/Xml/americangods.xml</link>
        <thumbnail>https://images-na.ssl-images-amazon.com/images/M/MV5BY2ViNGI1ZGUtYmUyNS00ZWU0LWExOTQtMDMwZjQ2ZWJhNmRhXkEyXkFqcGdeQXVyNjYxMDUzODc@._V1_UX182_CR0,0,182,268_AL_.jpg</thumbnail>
        </item>	
		
	   <item>
        <title>[COLORnavajowhite]Blood Drive (2017)[/COLOR]</title>
        <link>http://lookingglass.rocks/taquitz/Xml/blooddrive.xml</link>
        <thumbnail>https://images-na.ssl-images-amazon.com/images/M/MV5BY2E1NmRjNDctOGYwZC00MWU2LWI3MmYtNTRiOGY2OTgzM2JhXkEyXkFqcGdeQXVyNjEwNTM2Mzc@._V1_UX182_CR0,0,182,268_AL_.jpg</thumbnail>
        </item>	

	   <item>
        <title>[COLORnavajowhite]Westworld (2017)[/COLOR]</title>
        <link>http://lookingglass.rocks/taquitz/Xml/westworld.xml</link>
        <thumbnail>https://images-na.ssl-images-amazon.com/images/M/MV5BMTEyODk5NTc2MjNeQTJeQWpwZ15BbWU4MDQ5NTgwOTkx._V1_UX182_CR0,0,182,268_AL_.jpg</thumbnail>
        </item>	
		
	   <item>
        <title>[COLORnavajowhite]The Sinner (2017)[/COLOR]</title>
        <link>http://lookingglass.rocks/taquitz/Xml/sinner.xml</link>
        <thumbnail>https://images-na.ssl-images-amazon.com/images/M/MV5BMjExMjcxMjM3OV5BMl5BanBnXkFtZTgwMTUwODQwMzI@._V1_UX182_CR0,0,182,268_AL_.jpg</thumbnail>
        </item>			

	
	</items>