<items>
       <item>
        <title>[COLORnavajowhite]S01 E01 The Original [/COLOR]</title>
        <link>https://streamango.com/f/frfoottededeoood/Westworld_S01E01_720p_HDTV_x265_AAC_GWC_mkv_mp4</link>
        <thumbnail>https://images-na.ssl-images-amazon.com/images/M/MV5BMTEyODk5NTc2MjNeQTJeQWpwZ15BbWU4MDQ5NTgwOTkx._V1_UX182_CR0,0,182,268_AL_.jpg</thumbnail>
        </item>
		
       <item>
        <title>[COLORnavajowhite]S01 E02 Chestnut [/COLOR]</title>
        <link>https://streamango.com/f/ndkpmlaftocdqlkk/Westworld_S01E02_720p_HDTV_x265_AAC_GWC_mkv_mp4</link>
        <thumbnail>https://images-na.ssl-images-amazon.com/images/M/MV5BMTEyODk5NTc2MjNeQTJeQWpwZ15BbWU4MDQ5NTgwOTkx._V1_UX182_CR0,0,182,268_AL_.jpg</thumbnail>
        </item>	
		
       <item>
        <title>[COLORnavajowhite]S01 E03 The Stray [/COLOR]</title>
        <link>https://streamango.com/f/mfccdcmtfktdanba/Westworld_S01E03_720p_HDTV_x265_AAC_GWC_mkv_mp4</link>
        <thumbnail>https://images-na.ssl-images-amazon.com/images/M/MV5BMTEyODk5NTc2MjNeQTJeQWpwZ15BbWU4MDQ5NTgwOTkx._V1_UX182_CR0,0,182,268_AL_.jpg</thumbnail>
        </item>
		
       <item>
        <title>[COLORnavajowhite]S01 E04 Dissonance Theory [/COLOR]</title>
        <link>https://streamango.com/f/rsrnqlamrospbtdq/Westworld_S01E04_720p_HDTV_x265_AAC_GWC_mkv_mp44</link>
        <thumbnail>https://images-na.ssl-images-amazon.com/images/M/MV5BMTEyODk5NTc2MjNeQTJeQWpwZ15BbWU4MDQ5NTgwOTkx._V1_UX182_CR0,0,182,268_AL_.jpg</thumbnail>
        </item>	

		<item>
        <title>[COLORcyan]---------Tahquitz@HWWTN--------- [/COLOR]</title>
        <link></link>
        <thumbnail>https://images-na.ssl-images-amazon.com/images/M/MV5BMTEyODk5NTc2MjNeQTJeQWpwZ15BbWU4MDQ5NTgwOTkx._V1_UX182_CR0,0,182,268_AL_.jpg</thumbnail>
        </item>	
		
       <item>
        <title>[COLORnavajowhite]S01 E05 Contrapasso [/COLOR]</title>
        <link>https://streamango.com/f/rmrcqrlmbabslqds/Westworld_S01E05_720p_HDTV_x265_AAC_GWC_mkv_mp4</link>
        <thumbnail>https://images-na.ssl-images-amazon.com/images/M/MV5BMTEyODk5NTc2MjNeQTJeQWpwZ15BbWU4MDQ5NTgwOTkx._V1_UX182_CR0,0,182,268_AL_.jpg</thumbnail>
        </item>
		
       <item>
        <title>[COLORnavajowhite]S01 E06 The Adversary [/COLOR]</title>
        <link>https://streamango.com/f/lsaenfkfkdnblolm/Westworld_S01E06_720p_HDTV_x265_AAC_GWC_mkv_mp4</link>
        <thumbnail>https://images-na.ssl-images-amazon.com/images/M/MV5BMTEyODk5NTc2MjNeQTJeQWpwZ15BbWU4MDQ5NTgwOTkx._V1_UX182_CR0,0,182,268_AL_.jpg</thumbnail>
        </item>	
		
       <item>
        <title>[COLORnavajowhite]S01 E07 Trompe L'Oeil [/COLOR]</title>
        <link>https://streamango.com/f/enmqfdtnmadcafmk/Westworld_S01E07_720p_HDTV_x265_AAC_GWC_mkv_mp4</link>
        <thumbnail>https://images-na.ssl-images-amazon.com/images/M/MV5BMTEyODk5NTc2MjNeQTJeQWpwZ15BbWU4MDQ5NTgwOTkx._V1_UX182_CR0,0,182,268_AL_.jpg</thumbnail>
        </item>
		
       <item>
        <title>[COLORnavajowhite]S01 E08 Trace Decay [/COLOR]</title>
        <link>https://streamango.com/f/rtokncldtoacfacs/Westworld_S01E08_720p_HDTV_x265_AAC_GWC_mkv_mp4</link>
        <thumbnail>https://images-na.ssl-images-amazon.com/images/M/MV5BMTEyODk5NTc2MjNeQTJeQWpwZ15BbWU4MDQ5NTgwOTkx._V1_UX182_CR0,0,182,268_AL_.jpg</thumbnail>
        </item>	
		
       <item>
        <title>[COLORnavajowhite]S01 E09 The Well Tempered Clavier [/COLOR]</title>
        <link>https://streamango.com/f/klmpfapdtladnfnt/Westworld_S01E09_720p_HDTV_x265_AAC_GWC_mkv_mp4</link>
        <thumbnail>https://images-na.ssl-images-amazon.com/images/M/MV5BMTEyODk5NTc2MjNeQTJeQWpwZ15BbWU4MDQ5NTgwOTkx._V1_UX182_CR0,0,182,268_AL_.jpg</thumbnail>
        </item>
		
       <item>
        <title>[COLORnavajowhite]S01 E10 The Bicameral Mind [/COLOR]</title>
        <link>https://streamango.com/f/maafspccsteraefc/Westworld_S01E10_720p_HDTV_x265_AAC_GWC_mkv_mp4</link>
        <thumbnail>https://images-na.ssl-images-amazon.com/images/M/MV5BMTEyODk5NTc2MjNeQTJeQWpwZ15BbWU4MDQ5NTgwOTkx._V1_UX182_CR0,0,182,268_AL_.jpg</thumbnail>
        </item>	
		
				
</items>
