<?xml version="1.0" encoding="UTF-8" standalone="yes"?>
<addon id="plugin.video.marchhare" name="[COLORgoldenrod]The March Hare[/COLOR]" version="1.3" provider-name="TaQ, Jen">
    <requires>
        <import addon="xbmc.python" version="2.19.0" />
        <import addon="script.module.nanscrapers" version="0.5.5" />
        <import addon="script.module.python.koding.aio" version="0.9.6.6" />
        <import addon="script.module.beautifulsoup" version="3.2.1" />
        <import addon="script.module.requests" version="2.9.1" />
        <import addon="script.module.addon.common" version="2.0.0" />
        <import addon="script.module.xmltodict" version="0.9.0" />
        <!--<import addon="script.module.web-pdb" version="1.0"/>-->
        <import addon="script.module.urlresolver" version="1.2.0" />
    </requires>
    <extension point="xbmc.python.pluginsource" library="default.py">
        <provides>video</provides>
    </extension>
    <extension point="xbmc.service" library="service.py" start="[login|startup]" />
    <extension point="xbmc.addon.metadata">
        <summary lang="en">This addon is not affiliated in any way shape or form with kodi or xbmc</summary>
        <description lang="en">This addon does not host any streams</description>
        <platform>all</platform>
        <website></website>
        <video_guide></video_guide>
    </extension>
</addon>
