<?xml version="1.0" encoding="UTF-8" standalone="yes"?>
<addon id="repository.alicelevi" name="Fuck Ares" version="1.0" provider-name="Alice, Levi">
	<extension point="xbmc.addon.repository" name="Levistitch Repository">
		<info compressed="false">https://raw.githubusercontent.com/HWWTN/Tahquitz/master/zips/addons.xml</info>
		<checksum>https://raw.githubusercontent.com/HWWTN/Tahquitz/master/zips/addons.xml.md5</checksum>
		<datadir zip="true">https://raw.githubusercontent.com/HWWTN/Tahquitz/master/zips/</datadir>
	</extension>
	<extension point="xbmc.addon.metadata">
		<summary></summary>
		<description></description>
		<platform>all</platform>
	</extension>
</addon>

