<?xml version="1.0" encoding="UTF-8" standalone="yes"?>
<addon id="repository.alicelevi" name="Alice Repository" version="1.0" provider-name="Alice, TaQ">
	<extension point="xbmc.addon.repository" name="Alice Repository">
	<dir>
		<info compressed="false">https://raw.githubusercontent.com/HWWTN/Tahquitz/master/zips/addons.xml</info>
		<checksum>https://raw.githubusercontent.com/HWWTN/Tahquitz/master/zips/addons.xml.md5</checksum>
		<datadir zip="true">https://raw.githubusercontent.com/HWWTN/Tahquitz/master/zips/</datadir>
	</dir>
	 <dir>
		<info compressed="false">https://raw.githubusercontent.com/noobsandnerds/modules4all/master/zips/addons.xml</info>
		<checksum>https://raw.githubusercontent.com/noobsandnerds/modules4all/master/zips/addons.xml.md5</checksum>
		<datadir zip="true">https://raw.githubusercontent.com/noobsandnerds/modules4all/master/zips/</datadir>
    </dir>
	</extension>
	<extension point="xbmc.addon.metadata">
		<summary></summary>
		<description></description>
		<platform>all</platform>
	</extension>
</addon>

